Workbook

Sheet SUMMARY
E1: SHIPMENT ADVICE
E5: SA Number | F5: SA045/2025-2
E6: Port of Loading | F6: CARTAGENA
E7: Port of Discharge | F7: MUNDRA, IN
E8: Shipped Date | F8: 45780
E9: BL Number | F9: BGA0463159
E10: BL Date | F10: 03/05/2025
E11: Vessel Name & Voyage | F11: CMA CGM PETRA / 0PPKIW2MA
A12: Product Type | B12: Round Logs | E12: Shipping Line | F12: CMA CGM
A13: Origin | B13: Colombia | E13: No. of FCLs | F13: 2
E14: ETA Destination | F14: =F8+42 -> 0
A17: Client P.No | B17: Stuffing Date | C17: Container Number | D17: Product Type | E17: Length | F17: Circumference | G17: Gross Volume (m³) | H17: Net Volume (m³) | I17: Pieces | J17: CFT | K17: Photo Link
A18: COL/2025 | B18: 26/04/2025 | C18: TRLU7516207 | D18: =IF(E18="","",IF(E18<2.75,"SHORTS",IF(E18<6,"SEMI LONGS","LONGS"))) -> 0 | E18: ='TRLU7516207'!B7 -> 0 | F18: ='TRLU7516207'!B8 -> 0 | G18: ='TRLU7516207'!B11 -> 0 | H18: ='TRLU7516207'!B12 -> 0 | I18: ='TRLU7516207'!B6 -> 0 | J18: ='TRLU7516207'!B13 -> 0 | K18: https://portal.codringreen.com/photos/viewcontainerimages?did=3507
A19: COL/2025 | B19: 26/04/2025 | C19: DFSU7596805L | D19: =IF(E19="","",IF(E19<2.75,"SHORTS",IF(E19<6,"SEMI LONGS","LONGS"))) -> 0 | E19: ='DFSU7596805L'!B7 -> 0 | F19: ='DFSU7596805L'!B8 -> 0 | G19: ='DFSU7596805L'!B11 -> 0 | H19: ='DFSU7596805L'!B12 -> 0 | I19: ='DFSU7596805L'!B6 -> 0 | J19: ='DFSU7596805L'!B13 -> 0 | K19: https://portal.codringreen.com/photos/viewcontainerimages?did=3508
C21: 2 Containers | E21: =ROUND(AVERAGE(E18:E19), 2) -> 0 | F21: =TRUNC(AVERAGE(F18:F19), 0) -> 0 | G21: =SUM(G18:G19) -> 0 | H21: =SUM(H18:H19) -> 0 | I21: =SUM(I18:I19) -> 0 | J21: =ROUND(AVERAGE(J18:J19),2) -> 0
A24: Seller Legal Representative

Sheet TRLU7516207
A2: Container Number | B2: TRLU7516207
A3: Load Date | B3: 26/04/2025
A4: Loading Place | B4: CY DE COLOMBIA
A5: Seal Number
A6: Pieces | B6: =SUM(A16:A86) -> 0
A7: Length | B7: =ROUND(SUMPRODUCT(C16:C86,A16:A86)/B6,2) -> 0
A8: Circumference | B8: =TRUNC(SUMPRODUCT(B16:B86,A16:A86)/B6,0) -> 0
A9: Circumference Allowance | B9: 3
A10: Length Allowance | B10: 5
A11: Total Gross Volume (m³) | B11: =SUM(D16:D86) -> 0
A12: Total Net Volume (m³) | B12: =SUM(E16:E86) -> 0
A13: CFT | B13: =ROUND(B11/B6*35.315,2) -> 0
A15: No of Pieces | B15: Circumference | C15: Length | D15: Gross Volume (m³) | E15: Net Volume (m³)
A16: 4 | B16: 32 | C16: 2.25 | D16: 0.056 | E16: 0.044
A17: 3 | B17: 33 | C17: 2.25 | D17: 0.045 | E17: 0.036
A18: 4 | B18: 34 | C18: 2.25 | D18: 0.064 | E18: 0.052
A19: 6 | B19: 35 | C19: 2.25 | D19: 0.102 | E19: 0.084
A20: 4 | B20: 36 | C20: 2.25 | D20: 0.072 | E20: 0.056
A21: 15 | B21: 37 | C21: 2.25 | D21: 0.285 | E21: 0.225
A22: 18 | B22: 38 | C22: 2.25 | D22: 0.36 | E22: 0.288
A23: 18 | B23: 39 | C23: 2.25 | D23: 0.378 | E23: 0.306
A24: 25 | B24: 40 | C24: 2.25 | D24: 0.55 | E24: 0.45
A25: 1 | B25: 41 | C25: 2 | D25: 0.021 | E25: 0.017
A26: 23 | B26: 41 | C26: 2.25 | D26: 0.529 | E26: 0.437
A27: 17 | B27: 42 | C27: 2.25 | D27: 0.408 | E27: 0.34
... A86: 1 | B86: 98 | C86: 2.25 | D86: 0.135 | E86: 0.124

Sheet DFSU7596805L
A2: Container Number | B2: DFSU7596805L
A3: Load Date | B3: 26/04/2025
A4: Loading Place | B4: CY DE COLOMBIA
A5: Seal Number
A6: Pieces | B6: =SUM(A16:A85) -> 0
A7: Length | B7: =ROUND(SUMPRODUCT(C16:C85,A16:A85)/B6,2) -> 0
A8: Circumference | B8: =TRUNC(SUMPRODUCT(B16:B85,A16:A85)/B6,0) -> 0
A9: Circumference Allowance | B9: 3
A10: Length Allowance | B10: 5
A11: Total Gross Volume (m³) | B11: =SUM(D16:D85) -> 0
A12: Total Net Volume (m³) | B12: =SUM(E16:E85) -> 0
A13: CFT | B13: =ROUND(B11/B6*35.315,2) -> 0
A15: No of Pieces | B15: Circumference | C15: Length | D15: Gross Volume (m³) | E15: Net Volume (m³)
A16: 2 | B16: 25 | C16: 2 | D16: 0.014 | E16: 0.01
A17: 8 | B17: 30 | C17: 2.25 | D17: 0.096 | E17: 0.08
A18: 3 | B18: 31 | C18: 2.25 | D18: 0.039 | E18: 0.03
A19: 6 | B19: 32 | C19: 2.25 | D19: 0.084 | E19: 0.066
A20: 1 | B20: 33 | C20: 2 | D20: 0.013 | E20: 0.01
A21: 10 | B21: 33 | C21: 2.25 | D21: 0.15 | E21: 0.12
A22: 1 | B22: 34 | C22: 2 | D22: 0.014 | E22: 0.011
A23: 11 | B23: 34 | C23: 2.25 | D23: 0.176 | E23: 0.143
A24: 19 | B24: 35 | C24: 2.25 | D24: 0.323 | E24: 0.266
A25: 1 | B25: 36 | C25: 2 | D25: 0.016 | E25: 0.013
A26: 11 | B26: 36 | C26: 2.25 | D26: 0.198 | E26: 0.154
A27: 3 | B27: 37 | C27: 2 | D27: 0.051 | E27: 0.042
... A85: 1 | B85: 89 | C85: 2.25 | D85: 0.111 | E85: 0.101
