Workbook

Sheet Report
F3: =SUBTOTAL(9,F5:F40) -> 0 | G3: =SUBTOTAL(9,G5:G40) -> 0 | I3: =SUBTOTAL(9,I5:I40) -> 0
A4: DATE | B4: ICA # | C4: SUPPLIER NAME | D4: PURCHASE CONTRACT | E4: DESCRIPTION | F4: PIECES | G4: VOLUME (M³) | H4: EXTRACTION | I4: VALUE OF WOOD | J4: TRANSPORT | K4: ZONA | L4: LOADING | M4: MACHINE MAINTENANCE | N4: MACHINE RENTAL | O4: MANUAL LABOURS | P4: FUEL (ACPM) | Q4: LUBRICANTS | R4: MISCELLANEOUS | S4: TOTAL VALUE
A5: 45904 | B5: 024-1626036 | C5: JAEM COLOMBIA SAS | D5: COL/CGR/2025/0000000094 | E5: ISABELITA | F5: 154 | G5: 20.281 | H5: =IFERROR( INDEX('Extraction Cost'!$L$5:$L$10000, MATCH(1, INDEX( (A5>='Extraction Cost'!$A$5:$A$10000) * (A5<='Extraction Cost'!$B$5:$B$10000), 0), 0) ) * G5, 0) -> 0 | I5: 9006435 | J5: 400000 | K5: 3100000 | L5: 0 | M5: =IFERROR( INDEX('Maintenance Cost'!$J$5:$J$10000, MATCH(1, INDEX( (A5>='Maintenance Cost'!$A$5:$A$10000) * (A5<='Maintenance Cost'!$B$5:$B$10000), 0), 0) ) * G5, 0) -> 0 | N5: =IFERROR( INDEX('Machine Rental Cost'!$J$5:$J$10000, MATCH(1, INDEX( (A5>='Machine Rental Cost'!$A$5:$A$10000) * (A5<='Machine Rental Cost'!$B$5:$B$10000), 0), 0) ) * G5, 0) -> 0 | O5: =IFERROR( INDEX('Labour Cost'!$J$5:$J$10000, MATCH(1, INDEX( (A5>='Labour Cost'!$A$5:$A$10000) * (A5<='Labour Cost'!$B$5:$B$10000), 0), 0) ) * G5, 0) -> 0 | P5: =IFERROR( INDEX('ACPM Cost'!$L$5:$L$10000, MATCH(1, INDEX( (A5>='ACPM Cost'!$A$5:$A$10000) * (A5<='ACPM Cost'!$B$5:$B$10000), 0), 0) ) * G5, 0) -> 0 | Q5: =IFERROR( INDEX('Lubricants Cost'!$L$5:$L$10000, MATCH(1, INDEX( (A5>='Lubricants Cost'!$A$5:$A$10000) * (A5<='Lubricants Cost'!$B$5:$B$10000), 0), 0) ) * G5, 0) -> 0 | R5: =IFERROR( INDEX('Miscellaneous'!$L$5:$L$10000, MATCH(1, INDEX( (A5>='Miscellaneous'!$A$5:$A$10000) * (A5<='Miscellaneous'!$B$5:$B$10000), 0), 0) ) * G5, 0) -> 0 | S5: =SUM(H5:R5) -> 0
A6: 45908 | B6: 024-1626037 | C6: JAEM COLOMBIA SAS | D6: COL/CGR/2025/0000000094 | E6: ISABELITA | F6: 261 | G6: 21.971 | H6: =IFERROR( INDEX('Extraction Cost'!$L$5:$L$10000, MATCH(1, INDEX( (A6>='Extraction Cost'!$A$5:$A$10000) * (A6<='Extraction Cost'!$B$5:$B$10000), 0), 0) ) * G6, 0) -> 0 | I6: 8912115 | J6: 400000 | K6: 3100000 | L6: 0 | M6: =IFERROR( INDEX('Maintenance Cost'!$J$5:$J$10000, MATCH(1, INDEX( (A6>='Maintenance Cost'!$A$5:$A$10000) * (A6<='Maintenance Cost'!$B$5:$B$10000), 0), 0) ) * G6, 0) -> 0 | N6: =IFERROR( INDEX('Machine Rental Cost'!$J$5:$J$10000, MATCH(1, INDEX( (A6>='Machine Rental Cost'!$A$5:$A$10000) * (A6<='Machine Rental Cost'!$B$5:$B$10000), 0), 0) ) * G6, 0) -> 0 | O6: =IFERROR( INDEX('Labour Cost'!$J$5:$J$10000, MATCH(1, INDEX( (A6>='Labour Cost'!$A$5:$A$10000) * (A6<='Labour Cost'!$B$5:$B$10000), 0), 0) ) * G6, 0) -> 0 | P6: =IFERROR( INDEX('ACPM Cost'!$L$5:$L$10000, MATCH(1, INDEX( (A6>='ACPM Cost'!$A$5:$A$10000) * (A6<='ACPM Cost'!$B$5:$B$10000), 0), 0) ) * G6, 0) -> 0 | Q6: =IFERROR( INDEX('Lubricants Cost'!$L$5:$L$10000, MATCH(1, INDEX( (A6>='Lubricants Cost'!$A$5:$A$10000) * (A6<='Lubricants Cost'!$B$5:$B$10000), 0), 0) ) * G6, 0) -> 0 | R6: =IFERROR( INDEX('Miscellaneous'!$L$5:$L$10000, MATCH(1, INDEX( (A6>='Miscellaneous'!$A$5:$A$10000) * (A6<='Miscellaneous'!$B$5:$B$10000), 0), 0) ) * G6, 0) -> 0 | S6: =SUM(H6:R6) -> 0
A7: 45910 | B7: 024-1626038 | C7: JAEM COLOMBIA SAS | D7: COL/CGR/2025/0000000094 | E7: ISABELITA | F7: 249 | G7: 22.345 | H7: =IFERROR( INDEX('Extraction Cost'!$L$5:$L$10000, MATCH(1, INDEX( (A7>='Extraction Cost'!$A$5:$A$10000) * (A7<='Extraction Cost'!$B$5:$B$10000), 0), 0) ) * G7, 0) -> 0 | I7: 8818042.5 | J7: 400000 | K7: 3300000 | L7: 0 | M7: =IFERROR( INDEX('Maintenance Cost'!$J$5:$J$10000, MATCH(1, INDEX( (A7>='Maintenance Cost'!$A$5:$A$10000) * (A7<='Maintenance Cost'!$B$5:$B$10000), 0), 0) ) * G7, 0) -> 0 | N7: =IFERROR( INDEX('Machine Rental Cost'!$J$5:$J$10000, MATCH(1, INDEX( (A7>='Machine Rental Cost'!$A$5:$A$10000) * (A7<='Machine Rental Cost'!$B$5:$B$10000), 0), 0) ) * G7, 0) -> 0 | O7: =IFERROR( INDEX('Labour Cost'!$J$5:$J$10000, MATCH(1, INDEX( (A7>='Labour Cost'!$A$5:$A$10000) * (A7<='Labour Cost'!$B$5:$B$10000), 0), 0) ) * G7, 0) -> 0 | P7: =IFERROR( INDEX('ACPM Cost'!$L$5:$L$10000, MATCH(1, INDEX( (A7>='ACPM Cost'!$A$5:$A$10000) * (A7<='ACPM Cost'!$B$5:$B$10000), 0), 0) ) * G7, 0) -> 0 | Q7: =IFERROR( INDEX('Lubricants Cost'!$L$5:$L$10000, MATCH(1, INDEX( (A7>='Lubricants Cost'!$A$5:$A$10000) * (A7<='Lubricants Cost'!$B$5:$B$10000), 0), 0) ) * G7, 0) -> 0 | R7: =IFERROR( INDEX('Miscellaneous'!$L$5:$L$10000, MATCH(1, INDEX( (A7>='Miscellaneous'!$A$5:$A$10000) * (A7<='Miscellaneous'!$B$5:$B$10000), 0), 0) ) * G7, 0) -> 0 | S7: =SUM(H7:R7) -> 0
A8: 45912 | B8: 024-1626040 | C8: JAEM COLOMBIA SAS | D8: COL/CGR/2025/0000000094 | E8: ISABELITA | F8: 296 | G8: 18.212 | H8: =IFERROR( INDEX('Extraction Cost'!$L$5:$L$10000, MATCH(1, INDEX( (A8>='Extraction Cost'!$A$5:$A$10000) * (A8<='Extraction Cost'!$B$5:$B$10000), 0), 0) ) * G8, 0) -> 0 | I8: 8782155 | J8: 400000 | K8: 900000 | L8: 0 | M8: =IFERROR( INDEX('Maintenance Cost'!$J$5:$J$10000, MATCH(1, INDEX( (A8>='Maintenance Cost'!$A$5:$A$10000) * (A8<='Maintenance Cost'!$B$5:$B$10000), 0), 0) ) * G8, 0) -> 0 | N8: =IFERROR( INDEX('Machine Rental Cost'!$J$5:$J$10000, MATCH(1, INDEX( (A8>='Machine Rental Cost'!$A$5:$A$10000) * (A8<='Machine Rental Cost'!$B$5:$B$10000), 0), 0) ) * G8, 0) -> 0 | O8: =IFERROR( INDEX('Labour Cost'!$J$5:$J$10000, MATCH(1, INDEX( (A8>='Labour Cost'!$A$5:$A$10000) * (A8<='Labour Cost'!$B$5:$B$10000), 0), 0) ) * G8, 0) -> 0 | P8: =IFERROR( INDEX('ACPM Cost'!$L$5:$L$10000, MATCH(1, INDEX( (A8>='ACPM Cost'!$A$5:$A$10000) * (A8<='ACPM Cost'!$B$5:$B$10000), 0), 0) ) * G8, 0) -> 0 | Q8: =IFERROR( INDEX('Lubricants Cost'!$L$5:$L$10000, MATCH(1, INDEX( (A8>='Lubricants Cost'!$A$5:$A$10000) * (A8<='Lubricants Cost'!$B$5:$B$10000), 0), 0) ) * G8, 0) -> 0 | R8: =IFERROR( INDEX('Miscellaneous'!$L$5:$L$10000, MATCH(1, INDEX( (A8>='Miscellaneous'!$A$5:$A$10000) * (A8<='Miscellaneous'!$B$5:$B$10000), 0), 0) ) * G8, 0) -> 0 | S8: =SUM(H8:R8) -> 0
A9: 45912 | B9: 024-1626039 | C9: JAEM COLOMBIA SAS | D9: COL/CGR/2025/0000000094 | E9: ISABELITA | F9: 366 | G9: 20.272 | H9: =IFERROR( INDEX('Extraction Cost'!$L$5:$L$10000, MATCH(1, INDEX( (A9>='Extraction Cost'!$A$5:$A$10000) * (A9<='Extraction Cost'!$B$5:$B$10000), 0), 0) ) * G9, 0) -> 0 | I9: 8782155 | J9: 400000 | K9: 900000 | L9: 0 | M9: =IFERROR( INDEX('Maintenance Cost'!$J$5:$J$10000, MATCH(1, INDEX( (A9>='Maintenance Cost'!$A$5:$A$10000) * (A9<='Maintenance Cost'!$B$5:$B$10000), 0), 0) ) * G9, 0) -> 0 | N9: =IFERROR( INDEX('Machine Rental Cost'!$J$5:$J$10000, MATCH(1, INDEX( (A9>='Machine Rental Cost'!$A$5:$A$10000) * (A9<='Machine Rental Cost'!$B$5:$B$10000), 0), 0) ) * G9, 0) -> 0 | O9: =IFERROR( INDEX('Labour Cost'!$J$5:$J$10000, MATCH(1, INDEX( (A9>='Labour Cost'!$A$5:$A$10000) * (A9<='Labour Cost'!$B$5:$B$10000), 0), 0) ) * G9, 0) -> 0 | P9: =IFERROR( INDEX('ACPM Cost'!$L$5:$L$10000, MATCH(1, INDEX( (A9>='ACPM Cost'!$A$5:$A$10000) * (A9<='ACPM Cost'!$B$5:$B$10000), 0), 0) ) * G9, 0) -> 0 | Q9: =IFERROR( INDEX('Lubricants Cost'!$L$5:$L$10000, MATCH(1, INDEX( (A9>='Lubricants Cost'!$A$5:$A$10000) * (A9<='Lubricants Cost'!$B$5:$B$10000), 0), 0) ) * G9, 0) -> 0 | R9: =IFERROR( INDEX('Miscellaneous'!$L$5:$L$10000, MATCH(1, INDEX( (A9>='Miscellaneous'!$A$5:$A$10000) * (A9<='Miscellaneous'!$B$5:$B$10000), 0), 0) ) * G9, 0) -> 0 | S9: =SUM(H9:R9) -> 0
A10: 45917 | B10: 024-1626041 | C10: JAEM COLOMBIA SAS | D10: COL/CGR/2025/0000000094 | E10: ISABELITA | F10: 113 | G10: 21 | H10: =IFERROR( INDEX('Extraction Cost'!$L$5:$L$10000, MATCH(1, INDEX( (A10>='Extraction Cost'!$A$5:$A$10000) * (A10<='Extraction Cost'!$B$5:$B$10000), 0), 0) ) * G10, 0) -> 0 | I10: 8734320 | J10: 400000 | K10: 3100000 | L10: 0 | M10: =IFERROR( INDEX('Maintenance Cost'!$J$5:$J$10000, MATCH(1, INDEX( (A10>='Maintenance Cost'!$A$5:$A$10000) * (A10<='Maintenance Cost'!$B$5:$B$10000), 0), 0) ) * G10, 0) -> 0 | N10: =IFERROR( INDEX('Machine Rental Cost'!$J$5:$J$10000, MATCH(1, INDEX( (A10>='Machine Rental Cost'!$A$5:$A$10000) * (A10<='Machine Rental Cost'!$B$5:$B$10000), 0), 0) ) * G10, 0) -> 0 | O10: =IFERROR( INDEX('Labour Cost'!$J$5:$J$10000, MATCH(1, INDEX( (A10>='Labour Cost'!$A$5:$A$10000) * (A10<='Labour Cost'!$B$5:$B$10000), 0), 0) ) * G10, 0) -> 0 | P10: =IFERROR( INDEX('ACPM Cost'!$L$5:$L$10000, MATCH(1, INDEX( (A10>='ACPM Cost'!$A$5:$A$10000) * (A10<='ACPM Cost'!$B$5:$B$10000), 0), 0) ) * G10, 0) -> 0 | Q10: =IFERROR( INDEX('Lubricants Cost'!$L$5:$L$10000, MATCH(1, INDEX( (A10>='Lubricants Cost'!$A$5:$A$10000) * (A10<='Lubricants Cost'!$B$5:$B$10000), 0), 0) ) * G10, 0) -> 0 | R10: =IFERROR( INDEX('Miscellaneous'!$L$5:$L$10000, MATCH(1, INDEX( (A10>='Miscellaneous'!$A$5:$A$10000) * (A10<='Miscellaneous'!$B$5:$B$10000), 0), 0) ) * G10, 0) -> 0 | S10: =SUM(H10:R10) -> 0
A11: 45917 | B11: 024-1626042 | C11: JAEM COLOMBIA SAS | D11: COL/CGR/2025/0000000094 | E11: ISABELITA | F11: 107 | G11: 21.322 | H11: =IFERROR( INDEX('Extraction Cost'!$L$5:$L$10000, MATCH(1, INDEX( (A11>='Extraction Cost'!$A$5:$A$10000) * (A11<='Extraction Cost'!$B$5:$B$10000), 0), 0) ) * G11, 0) -> 0 | I11: 8734320 | J11: 400000 | K11: 3100000 | L11: 0 | M11: =IFERROR( INDEX('Maintenance Cost'!$J$5:$J$10000, MATCH(1, INDEX( (A11>='Maintenance Cost'!$A$5:$A$10000) * (A11<='Maintenance Cost'!$B$5:$B$10000), 0), 0) ) * G11, 0) -> 0 | N11: =IFERROR( INDEX('Machine Rental Cost'!$J$5:$J$10000, MATCH(1, INDEX( (A11>='Machine Rental Cost'!$A$5:$A$10000) * (A11<='Machine Rental Cost'!$B$5:$B$10000), 0), 0) ) * G11, 0) -> 0 | O11: =IFERROR( INDEX('Labour Cost'!$J$5:$J$10000, MATCH(1, INDEX( (A11>='Labour Cost'!$A$5:$A$10000) * (A11<='Labour Cost'!$B$5:$B$10000), 0), 0) ) * G11, 0) -> 0 | P11: =IFERROR( INDEX('ACPM Cost'!$L$5:$L$10000, MATCH(1, INDEX( (A11>='ACPM Cost'!$A$5:$A$10000) * (A11<='ACPM Cost'!$B$5:$B$10000), 0), 0) ) * G11, 0) -> 0 | Q11: =IFERROR( INDEX('Lubricants Cost'!$L$5:$L$10000, MATCH(1, INDEX( (A11>='Lubricants Cost'!$A$5:$A$10000) * (A11<='Lubricants Cost'!$B$5:$B$10000), 0), 0) ) * G11, 0) -> 0 | R11: =IFERROR( INDEX('Miscellaneous'!$L$5:$L$10000, MATCH(1, INDEX( (A11>='Miscellaneous'!$A$5:$A$10000) * (A11<='Miscellaneous'!$B$5:$B$10000), 0), 0) ) * G11, 0) -> 0 | S11: =SUM(H11:R11) -> 0
A12: 45918 | B12: 024-1626043 | C12: JAEM COLOMBIA SAS | D12: COL/CGR/2025/0000000094 | E12: ISABELITA | F12: 258 | G12: 23.081 | H12: =IFERROR( INDEX('Extraction Cost'!$L$5:$L$10000, MATCH(1, INDEX( (A12>='Extraction Cost'!$A$5:$A$10000) * (A12<='Extraction Cost'!$B$5:$B$10000), 0), 0) ) * G12, 0) -> 0 | I12: 8730022.5 | J12: 400000 | K12: 3100000 | L12: 0 | M12: =IFERROR( INDEX('Maintenance Cost'!$J$5:$J$10000, MATCH(1, INDEX( (A12>='Maintenance Cost'!$A$5:$A$10000) * (A12<='Maintenance Cost'!$B$5:$B$10000), 0), 0) ) * G12, 0) -> 0 | N12: =IFERROR( INDEX('Machine Rental Cost'!$J$5:$J$10000, MATCH(1, INDEX( (A12>='Machine Rental Cost'!$A$5:$A$10000) * (A12<='Machine Rental Cost'!$B$5:$B$10000), 0), 0) ) * G12, 0) -> 0 | O12: =IFERROR( INDEX('Labour Cost'!$J$5:$J$10000, MATCH(1, INDEX( (A12>='Labour Cost'!$A$5:$A$10000) * (A12<='Labour Cost'!$B$5:$B$10000), 0), 0) ) * G12, 0) -> 0 | P12: =IFERROR( INDEX('ACPM Cost'!$L$5:$L$10000, MATCH(1, INDEX( (A12>='ACPM Cost'!$A$5:$A$10000) * (A12<='ACPM Cost'!$B$5:$B$10000), 0), 0) ) * G12, 0) -> 0 | Q12: =IFERROR( INDEX('Lubricants Cost'!$L$5:$L$10000, MATCH(1, INDEX( (A12>='Lubricants Cost'!$A$5:$A$10000) * (A12<='Lubricants Cost'!$B$5:$B$10000), 0), 0) ) * G12, 0) -> 0 | R12: =IFERROR( INDEX('Miscellaneous'!$L$5:$L$10000, MATCH(1, INDEX( (A12>='Miscellaneous'!$A$5:$A$10000) * (A12<='Miscellaneous'!$B$5:$B$10000), 0), 0) ) * G12, 0) -> 0 | S12: =SUM(H12:R12) -> 0
A13: 45924 | B13: 024-1626044 | C13: JAEM COLOMBIA SAS | D13: COL/CGR/2025/0000000094 | E13: ISABELITA | F13: 132 | G13: 20.95 | H13: =IFERROR( INDEX('Extraction Cost'!$L$5:$L$10000, MATCH(1, INDEX( (A13>='Extraction Cost'!$A$5:$A$10000) * (A13<='Extraction Cost'!$B$5:$B$10000), 0), 0) ) * G13, 0) -> 0 | I13: 8650057.5 | J13: 400000 | K13: 3100000 | L13: 0 | M13: =IFERROR( INDEX('Maintenance Cost'!$J$5:$J$10000, MATCH(1, INDEX( (A13>='Maintenance Cost'!$A$5:$A$10000) * (A13<='Maintenance Cost'!$B$5:$B$10000), 0), 0) ) * G13, 0) -> 0 | N13: =IFERROR( INDEX('Machine Rental Cost'!$J$5:$J$10000, MATCH(1, INDEX( (A13>='Machine Rental Cost'!$A$5:$A$10000) * (A13<='Machine Rental Cost'!$B$5:$B$10000), 0), 0) ) * G13, 0) -> 0 | O13: =IFERROR( INDEX('Labour Cost'!$J$5:$J$10000, MATCH(1, INDEX( (A13>='Labour Cost'!$A$5:$A$10000) * (A13<='Labour Cost'!$B$5:$B$10000), 0), 0) ) * G13, 0) -> 0 | P13: =IFERROR( INDEX('ACPM Cost'!$L$5:$L$10000, MATCH(1, INDEX( (A13>='ACPM Cost'!$A$5:$A$10000) * (A13<='ACPM Cost'!$B$5:$B$10000), 0), 0) ) * G13, 0) -> 0 | Q13: =IFERROR( INDEX('Lubricants Cost'!$L$5:$L$10000, MATCH(1, INDEX( (A13>='Lubricants Cost'!$A$5:$A$10000) * (A13<='Lubricants Cost'!$B$5:$B$10000), 0), 0) ) * G13, 0) -> 0 | R13: =IFERROR( INDEX('Miscellaneous'!$L$5:$L$10000, MATCH(1, INDEX( (A13>='Miscellaneous'!$A$5:$A$10000) * (A13<='Miscellaneous'!$B$5:$B$10000), 0), 0) ) * G13, 0) -> 0 | S13: =SUM(H13:R13) -> 0
A14: 45926 | B14: 024-1626045 | C14: JAEM COLOMBIA SAS | D14: COL/CGR/2025/0000000094 | E14: ISABELITA | F14: 165 | G14: 20.063 | H14: =IFERROR( INDEX('Extraction Cost'!$L$5:$L$10000, MATCH(1, INDEX( (A14>='Extraction Cost'!$A$5:$A$10000) * (A14<='Extraction Cost'!$B$5:$B$10000), 0), 0) ) * G14, 0) -> 0 | I14: 1.6075528e+08 | J14: 400000 | K14: 3100000 | L14: 0 | M14: =IFERROR( INDEX('Maintenance Cost'!$J$5:$J$10000, MATCH(1, INDEX( (A14>='Maintenance Cost'!$A$5:$A$10000) * (A14<='Maintenance Cost'!$B$5:$B$10000), 0), 0) ) * G14, 0) -> 0 | N14: =IFERROR( INDEX('Machine Rental Cost'!$J$5:$J$10000, MATCH(1, INDEX( (A14>='Machine Rental Cost'!$A$5:$A$10000) * (A14<='Machine Rental Cost'!$B$5:$B$10000), 0), 0) ) * G14, 0) -> 0 | O14: =IFERROR( INDEX('Labour Cost'!$J$5:$J$10000, MATCH(1, INDEX( (A14>='Labour Cost'!$A$5:$A$10000) * (A14<='Labour Cost'!$B$5:$B$10000), 0), 0) ) * G14, 0) -> 0 | P14: =IFERROR( INDEX('ACPM Cost'!$L$5:$L$10000, MATCH(1, INDEX( (A14>='ACPM Cost'!$A$5:$A$10000) * (A14<='ACPM Cost'!$B$5:$B$10000), 0), 0) ) * G14, 0) -> 0 | Q14: =IFERROR( INDEX('Lubricants Cost'!$L$5:$L$10000, MATCH(1, INDEX( (A14>='Lubricants Cost'!$A$5:$A$10000) * (A14<='Lubricants Cost'!$B$5:$B$10000), 0), 0) ) * G14, 0) -> 0 | R14: =IFERROR( INDEX('Miscellaneous'!$L$5:$L$10000, MATCH(1, INDEX( (A14>='Miscellaneous'!$A$5:$A$10000) * (A14<='Miscellaneous'!$B$5:$B$10000), 0), 0) ) * G14, 0) -> 0 | S14: =SUM(H14:R14) -> 0
A15: 45939 | B15: 024-1626048 | C15: JAEM COLOMBIA SAS | D15: COL/CGR/2025/0000000094 | E15: ISABELITA | F15: 148 | G15: 20.017 | H15: =IFERROR( INDEX('Extraction Cost'!$L$5:$L$10000, MATCH(1, INDEX( (A15>='Extraction Cost'!$A$5:$A$10000) * (A15<='Extraction Cost'!$B$5:$B$10000), 0), 0) ) * G15, 0) -> 0 | I15: 8729550 | J15: 400000 | K15: 3100000 | L15: 0 | M15: =IFERROR( INDEX('Maintenance Cost'!$J$5:$J$10000, MATCH(1, INDEX( (A15>='Maintenance Cost'!$A$5:$A$10000) * (A15<='Maintenance Cost'!$B$5:$B$10000), 0), 0) ) * G15, 0) -> 0 | N15: =IFERROR( INDEX('Machine Rental Cost'!$J$5:$J$10000, MATCH(1, INDEX( (A15>='Machine Rental Cost'!$A$5:$A$10000) * (A15<='Machine Rental Cost'!$B$5:$B$10000), 0), 0) ) * G15, 0) -> 0 | O15: =IFERROR( INDEX('Labour Cost'!$J$5:$J$10000, MATCH(1, INDEX( (A15>='Labour Cost'!$A$5:$A$10000) * (A15<='Labour Cost'!$B$5:$B$10000), 0), 0) ) * G15, 0) -> 0 | P15: =IFERROR( INDEX('ACPM Cost'!$L$5:$L$10000, MATCH(1, INDEX( (A15>='ACPM Cost'!$A$5:$A$10000) * (A15<='ACPM Cost'!$B$5:$B$10000), 0), 0) ) * G15, 0) -> 0 | Q15: =IFERROR( INDEX('Lubricants Cost'!$L$5:$L$10000, MATCH(1, INDEX( (A15>='Lubricants Cost'!$A$5:$A$10000) * (A15<='Lubricants Cost'!$B$5:$B$10000), 0), 0) ) * G15, 0) -> 0 | R15: =IFERROR( INDEX('Miscellaneous'!$L$5:$L$10000, MATCH(1, INDEX( (A15>='Miscellaneous'!$A$5:$A$10000) * (A15<='Miscellaneous'!$B$5:$B$10000), 0), 0) ) * G15, 0) -> 0 | S15: =SUM(H15:R15) -> 0
A16: 45940 | B16: 024-1626049 | C16: JAEM COLOMBIA SAS | D16: COL/CGR/2025/0000000094 | E16: ISABELITA | F16: 129 | G16: 21.121 | H16: =IFERROR( INDEX('Extraction Cost'!$L$5:$L$10000, MATCH(1, INDEX( (A16>='Extraction Cost'!$A$5:$A$10000) * (A16<='Extraction Cost'!$B$5:$B$10000), 0), 0) ) * G16, 0) -> 0 | I16: 1.7081381e+08 | J16: 350000 | K16: 3100000 | L16: 0 | M16: =IFERROR( INDEX('Maintenance Cost'!$J$5:$J$10000, MATCH(1, INDEX( (A16>='Maintenance Cost'!$A$5:$A$10000) * (A16<='Maintenance Cost'!$B$5:$B$10000), 0), 0) ) * G16, 0) -> 0 | N16: =IFERROR( INDEX('Machine Rental Cost'!$J$5:$J$10000, MATCH(1, INDEX( (A16>='Machine Rental Cost'!$A$5:$A$10000) * (A16<='Machine Rental Cost'!$B$5:$B$10000), 0), 0) ) * G16, 0) -> 0 | O16: =IFERROR( INDEX('Labour Cost'!$J$5:$J$10000, MATCH(1, INDEX( (A16>='Labour Cost'!$A$5:$A$10000) * (A16<='Labour Cost'!$B$5:$B$10000), 0), 0) ) * G16, 0) -> 0 | P16: =IFERROR( INDEX('ACPM Cost'!$L$5:$L$10000, MATCH(1, INDEX( (A16>='ACPM Cost'!$A$5:$A$10000) * (A16<='ACPM Cost'!$B$5:$B$10000), 0), 0) ) * G16, 0) -> 0 | Q16: =IFERROR( INDEX('Lubricants Cost'!$L$5:$L$10000, MATCH(1, INDEX( (A16>='Lubricants Cost'!$A$5:$A$10000) * (A16<='Lubricants Cost'!$B$5:$B$10000), 0), 0) ) * G16, 0) -> 0 | R16: =IFERROR( INDEX('Miscellaneous'!$L$5:$L$10000, MATCH(1, INDEX( (A16>='Miscellaneous'!$A$5:$A$10000) * (A16<='Miscellaneous'!$B$5:$B$10000), 0), 0) ) * G16, 0) -> 0 | S16: =SUM(H16:R16) -> 0
... A40: 46021 | B40: 024-1626069 | C40: JAEM COLOMBIA SAS | D40: COL/CGR/2025/0000000094 | E40: ISABELITA | F40: 157 | G40: 19.541 | H40: =IFERROR( INDEX('Extraction Cost'!$L$5:$L$10000, MATCH(1, INDEX( (A40>='Extraction Cost'!$A$5:$A$10000) * (A40<='Extraction Cost'!$B$5:$B$10000), 0), 0) ) * G40, 0) -> 0 | I40: 1.5173915e+08 | J40: 350000 | K40: 3100000 | L40: 0 | M40: =IFERROR( INDEX('Maintenance Cost'!$J$5:$J$10000, MATCH(1, INDEX( (A40>='Maintenance Cost'!$A$5:$A$10000) * (A40<='Maintenance Cost'!$B$5:$B$10000), 0), 0) ) * G40, 0) -> 0 | N40: =IFERROR( INDEX('Machine Rental Cost'!$J$5:$J$10000, MATCH(1, INDEX( (A40>='Machine Rental Cost'!$A$5:$A$10000) * (A40<='Machine Rental Cost'!$B$5:$B$10000), 0), 0) ) * G40, 0) -> 0 | O40: =IFERROR( INDEX('Labour Cost'!$J$5:$J$10000, MATCH(1, INDEX( (A40>='Labour Cost'!$A$5:$A$10000) * (A40<='Labour Cost'!$B$5:$B$10000), 0), 0) ) * G40, 0) -> 0 | P40: =IFERROR( INDEX('ACPM Cost'!$L$5:$L$10000, MATCH(1, INDEX( (A40>='ACPM Cost'!$A$5:$A$10000) * (A40<='ACPM Cost'!$B$5:$B$10000), 0), 0) ) * G40, 0) -> 0 | Q40: =IFERROR( INDEX('Lubricants Cost'!$L$5:$L$10000, MATCH(1, INDEX( (A40>='Lubricants Cost'!$A$5:$A$10000) * (A40<='Lubricants Cost'!$B$5:$B$10000), 0), 0) ) * G40, 0) -> 0 | R40: =IFERROR( INDEX('Miscellaneous'!$L$5:$L$10000, MATCH(1, INDEX( (A40>='Miscellaneous'!$A$5:$A$10000) * (A40<='Miscellaneous'!$B$5:$B$10000), 0), 0) ) * G40, 0) -> 0 | S40: =SUM(H40:R40) -> 0

Sheet Extraction Cost
G3: =SUBTOTAL(9,G5:G40) -> 0 | H3: =SUBTOTAL(9,H5:H40) -> 0
A4: FROM DATE | B4: TO DATE | C4: SUPPLIER NAME | D4: PURCHASE CONTRACT | E4: DESCRIPTION | F4: TOTAL TREES | G4: PIECES | H4: VOLUME (M³) | I4: EXTRACTION COST | J4: VALUE / TREE | K4: VALUE / PIECE | L4: VALUE / VOLUME
A5: 45664 | B5: =IF(A6="", A5, A6-1) -> 0 | C5: JAEM COLOMBIA SAS | D5: COL/CGR/2025/0000000094 | E5: ISABELITA | F5: 1 | G5: 1 | H5: 0.086 | I5: 13000 | J5: =I5/F5 -> 0 | K5: =I5/G5 -> 0 | L5: =I5/H5 -> 0
A6: 45901 | B6: =IF(A7="", A6, A7-1) -> 0 | C6: JAEM COLOMBIA SAS | D6: COL/CGR/2025/0000000094 | E6: ISABELITA | F6: 1 | G6: 10 | H6: 2.478 | I6: 13000 | J6: =I6/F6 -> 0 | K6: =I6/G6 -> 0 | L6: =I6/H6 -> 0
A7: 45902 | B7: =IF(A8="", A7, A8-1) -> 0 | C7: JAEM COLOMBIA SAS | D7: COL/CGR/2025/0000000094 | E7: ISABELITA | F7: 1 | G7: 10 | H7: 2.478 | I7: 13000 | J7: =I7/F7 -> 0 | K7: =I7/G7 -> 0 | L7: =I7/H7 -> 0
A8: 45903 | B8: =IF(A9="", A8, A9-1) -> 0 | C8: JAEM COLOMBIA SAS | D8: COL/CGR/2025/0000000094 | E8: ISABELITA | F8: 1 | G8: 10 | H8: 2.478 | I8: 13000 | J8: =I8/F8 -> 0 | K8: =I8/G8 -> 0 | L8: =I8/H8 -> 0
A9: 45904 | B9: =IF(A10="", A9, A10-1) -> 0 | C9: JAEM COLOMBIA SAS | D9: COL/CGR/2025/0000000094 | E9: ISABELITA | F9: 1 | G9: 10 | H9: 2.478 | I9: 13000 | J9: =I9/F9 -> 0 | K9: =I9/G9 -> 0 | L9: =I9/H9 -> 0
A10: 45905 | B10: =IF(A11="", A10, A11-1) -> 0 | C10: JAEM COLOMBIA SAS | D10: COL/CGR/2025/0000000094 | E10: ISABELITA | F10: 1 | G10: 10 | H10: 2.478 | I10: 13000 | J10: =I10/F10 -> 0 | K10: =I10/G10 -> 0 | L10: =I10/H10 -> 0
A11: 45906 | B11: =IF(A12="", A11, A12-1) -> 0 | C11: JAEM COLOMBIA SAS | D11: COL/CGR/2025/0000000094 | E11: ISABELITA | F11: 1 | G11: 10 | H11: 2.478 | I11: 13000 | J11: =I11/F11 -> 0 | K11: =I11/G11 -> 0 | L11: =I11/H11 -> 0
A12: 45907 | B12: =IF(A13="", A12, A13-1) -> 0 | C12: JAEM COLOMBIA SAS | D12: COL/CGR/2025/0000000094 | E12: ISABELITA | F12: 1 | G12: 10 | H12: 2.478 | I12: 13000 | J12: =I12/F12 -> 0 | K12: =I12/G12 -> 0 | L12: =I12/H12 -> 0
A13: 45908 | B13: =IF(A14="", A13, A14-1) -> 0 | C13: JAEM COLOMBIA SAS | D13: COL/CGR/2025/0000000094 | E13: ISABELITA | F13: 1 | G13: 10 | H13: 2.478 | I13: 13000 | J13: =I13/F13 -> 0 | K13: =I13/G13 -> 0 | L13: =I13/H13 -> 0
A14: 45909 | B14: =IF(A15="", A14, A15-1) -> 0 | C14: JAEM COLOMBIA SAS | D14: COL/CGR/2025/0000000094 | E14: ISABELITA | F14: 1 | G14: 10 | H14: 2.478 | I14: 13000 | J14: =I14/F14 -> 0 | K14: =I14/G14 -> 0 | L14: =I14/H14 -> 0
A15: 45910 | B15: =IF(A16="", A15, A16-1) -> 0 | C15: JAEM COLOMBIA SAS | D15: COL/CGR/2025/0000000094 | E15: ISABELITA | F15: 1 | G15: 10 | H15: 2.478 | I15: 13000 | J15: =I15/F15 -> 0 | K15: =I15/G15 -> 0 | L15: =I15/H15 -> 0
A16: 45911 | B16: =IF(A17="", A16, A17-1) -> 0 | C16: JAEM COLOMBIA SAS | D16: COL/CGR/2025/0000000094 | E16: ISABELITA | F16: 1 | G16: 10 | H16: 2.478 | I16: 13000 | J16: =I16/F16 -> 0 | K16: =I16/G16 -> 0 | L16: =I16/H16 -> 0
... A131: 46029 | B131: =IF(A132="", A131, A132-1) -> 0 | C131: JAEM COLOMBIA SAS | D131: COL/CGR/2025/0000000094 | E131: ISABELITA | F131: 1 | G131: 1 | H131: 0.028 | I131: 13000 | J131: =I131/F131 -> 0 | K131: =I131/G131 -> 0 | L131: =I131/H131 -> 0

Sheet Maintenance Cost
A4: START DATE | B4: END DATE | C4: SUPPLIER NAME | D4: PURCHASE CONTRACT | E4: DESCRIPTION | F4: PIECES | G4: VOLUME (M³) | H4: AMOUNT | I4: VALUE / PIECE | J4: VALUE / VOLUME
A5: 45901 | B5: 45915 | C5: JAEM COLOMBIA SAS | D5: COL/CGR/2025/0000000094 | E5: ISABELITA | F5: =SUMIFS('Report'!$F$4:$F$10000,'Report'!$A$4:$A$10000, ">=" & A5,'Report'!$A$4:$A$10000, "<=" & B5,'Report'!$C$4:$C$10000, "<=" & C5,'Report'!$D$4:$D$10000, "<=" & D5) -> 0 | G5: =SUMIFS('Report'!$G$4:$G$10000,'Report'!$A$4:$A$10000, ">=" & A5,'Report'!$A$4:$A$10000, "<=" & B5,'Report'!$C$4:$C$10000, "<=" & C5,'Report'!$D$4:$D$10000, "<=" & D5) -> 0 | H5: 1650000 | I5: =IF(F5=0, 0, H5/F5) -> 0 | J5: =IF(G5=0, 0, H5/G5) -> 0
A6: 45916 | B6: 45930 | C6: JAEM COLOMBIA SAS | D6: COL/CGR/2025/0000000094 | E6: ISABELITA | F6: =SUMIFS('Report'!$F$4:$F$10000,'Report'!$A$4:$A$10000, ">=" & A6,'Report'!$A$4:$A$10000, "<=" & B6,'Report'!$C$4:$C$10000, "<=" & C6,'Report'!$D$4:$D$10000, "<=" & D6) -> 0 | G6: =SUMIFS('Report'!$G$4:$G$10000,'Report'!$A$4:$A$10000, ">=" & A6,'Report'!$A$4:$A$10000, "<=" & B6,'Report'!$C$4:$C$10000, "<=" & C6,'Report'!$D$4:$D$10000, "<=" & D6) -> 0 | H6: 1650000 | I6: =IF(F6=0, 0, H6/F6) -> 0 | J6: =IF(G6=0, 0, H6/G6) -> 0
A7: 45931 | B7: 45945 | C7: JAEM COLOMBIA SAS | D7: COL/CGR/2025/0000000094 | E7: ISABELITA | F7: =SUMIFS('Report'!$F$4:$F$10000,'Report'!$A$4:$A$10000, ">=" & A7,'Report'!$A$4:$A$10000, "<=" & B7,'Report'!$C$4:$C$10000, "<=" & C7,'Report'!$D$4:$D$10000, "<=" & D7) -> 0 | G7: =SUMIFS('Report'!$G$4:$G$10000,'Report'!$A$4:$A$10000, ">=" & A7,'Report'!$A$4:$A$10000, "<=" & B7,'Report'!$C$4:$C$10000, "<=" & C7,'Report'!$D$4:$D$10000, "<=" & D7) -> 0 | H7: 1650000 | I7: =IF(F7=0, 0, H7/F7) -> 0 | J7: =IF(G7=0, 0, H7/G7) -> 0
A8: 45946 | B8: 45961 | C8: JAEM COLOMBIA SAS | D8: COL/CGR/2025/0000000094 | E8: ISABELITA | F8: =SUMIFS('Report'!$F$4:$F$10000,'Report'!$A$4:$A$10000, ">=" & A8,'Report'!$A$4:$A$10000, "<=" & B8,'Report'!$C$4:$C$10000, "<=" & C8,'Report'!$D$4:$D$10000, "<=" & D8) -> 0 | G8: =SUMIFS('Report'!$G$4:$G$10000,'Report'!$A$4:$A$10000, ">=" & A8,'Report'!$A$4:$A$10000, "<=" & B8,'Report'!$C$4:$C$10000, "<=" & C8,'Report'!$D$4:$D$10000, "<=" & D8) -> 0 | H8: 1760000 | I8: =IF(F8=0, 0, H8/F8) -> 0 | J8: =IF(G8=0, 0, H8/G8) -> 0
A9: 45962 | B9: 45976 | C9: JAEM COLOMBIA SAS | D9: COL/CGR/2025/0000000094 | E9: ISABELITA | F9: =SUMIFS('Report'!$F$4:$F$10000,'Report'!$A$4:$A$10000, ">=" & A9,'Report'!$A$4:$A$10000, "<=" & B9,'Report'!$C$4:$C$10000, "<=" & C9,'Report'!$D$4:$D$10000, "<=" & D9) -> 0 | G9: =SUMIFS('Report'!$G$4:$G$10000,'Report'!$A$4:$A$10000, ">=" & A9,'Report'!$A$4:$A$10000, "<=" & B9,'Report'!$C$4:$C$10000, "<=" & C9,'Report'!$D$4:$D$10000, "<=" & D9) -> 0 | H9: 1650000 | I9: =IF(F9=0, 0, H9/F9) -> 0 | J9: =IF(G9=0, 0, H9/G9) -> 0
A10: 45977 | B10: 45991 | C10: JAEM COLOMBIA SAS | D10: COL/CGR/2025/0000000094 | E10: ISABELITA | F10: =SUMIFS('Report'!$F$4:$F$10000,'Report'!$A$4:$A$10000, ">=" & A10,'Report'!$A$4:$A$10000, "<=" & B10,'Report'!$C$4:$C$10000, "<=" & C10,'Report'!$D$4:$D$10000, "<=" & D10) -> 0 | G10: =SUMIFS('Report'!$G$4:$G$10000,'Report'!$A$4:$A$10000, ">=" & A10,'Report'!$A$4:$A$10000, "<=" & B10,'Report'!$C$4:$C$10000, "<=" & C10,'Report'!$D$4:$D$10000, "<=" & D10) -> 0 | H10: 1650000 | I10: =IF(F10=0, 0, H10/F10) -> 0 | J10: =IF(G10=0, 0, H10/G10) -> 0
A11: 45992 | B11: 46006 | C11: JAEM COLOMBIA SAS | D11: COL/CGR/2025/0000000094 | E11: ISABELITA | F11: =SUMIFS('Report'!$F$4:$F$10000,'Report'!$A$4:$A$10000, ">=" & A11,'Report'!$A$4:$A$10000, "<=" & B11,'Report'!$C$4:$C$10000, "<=" & C11,'Report'!$D$4:$D$10000, "<=" & D11) -> 0 | G11: =SUMIFS('Report'!$G$4:$G$10000,'Report'!$A$4:$A$10000, ">=" & A11,'Report'!$A$4:$A$10000, "<=" & B11,'Report'!$C$4:$C$10000, "<=" & C11,'Report'!$D$4:$D$10000, "<=" & D11) -> 0 | H11: 1650000 | I11: =IF(F11=0, 0, H11/F11) -> 0 | J11: =IF(G11=0, 0, H11/G11) -> 0
A12: 46007 | B12: 46022 | C12: JAEM COLOMBIA SAS | D12: COL/CGR/2025/0000000094 | E12: ISABELITA | F12: =SUMIFS('Report'!$F$4:$F$10000,'Report'!$A$4:$A$10000, ">=" & A12,'Report'!$A$4:$A$10000, "<=" & B12,'Report'!$C$4:$C$10000, "<=" & C12,'Report'!$D$4:$D$10000, "<=" & D12) -> 0 | G12: =SUMIFS('Report'!$G$4:$G$10000,'Report'!$A$4:$A$10000, ">=" & A12,'Report'!$A$4:$A$10000, "<=" & B12,'Report'!$C$4:$C$10000, "<=" & C12,'Report'!$D$4:$D$10000, "<=" & D12) -> 0 | H12: 1896501 | I12: =IF(F12=0, 0, H12/F12) -> 0 | J12: =IF(G12=0, 0, H12/G12) -> 0
A13: 46023 | B13: 46037 | C13: JAEM COLOMBIA SAS | D13: COL/CGR/2025/0000000094 | E13: ISABELITA | F13: =SUMIFS('Report'!$F$4:$F$10000,'Report'!$A$4:$A$10000, ">=" & A13,'Report'!$A$4:$A$10000, "<=" & B13,'Report'!$C$4:$C$10000, "<=" & C13,'Report'!$D$4:$D$10000, "<=" & D13) -> 0 | G13: =SUMIFS('Report'!$G$4:$G$10000,'Report'!$A$4:$A$10000, ">=" & A13,'Report'!$A$4:$A$10000, "<=" & B13,'Report'!$C$4:$C$10000, "<=" & C13,'Report'!$D$4:$D$10000, "<=" & D13) -> 0 | H13: 2210000 | I13: =IF(F13=0, 0, H13/F13) -> 0 | J13: =IF(G13=0, 0, H13/G13) -> 0

Sheet Machine Rental Cost
A4: START DATE | B4: END DATE | C4: SUPPLIER NAME | D4: PURCHASE CONTRACT | E4: DESCRIPTION | F4: PIECES | G4: VOLUME (M³) | H4: AMOUNT | I4: VALUE / PIECE | J4: VALUE / VOLUME
A5: 45901 | B5: 45915 | C5: JAEM COLOMBIA SAS | D5: COL/CGR/2025/0000000094 | E5: ISABELITA | F5: =SUMIFS('Report'!$F$4:$F$10000,'Report'!$A$4:$A$10000, ">=" & A5,'Report'!$A$4:$A$10000, "<=" & B5,'Report'!$C$4:$C$10000, "<=" & C5,'Report'!$D$4:$D$10000, "<=" & D5) -> 0 | G5: =SUMIFS('Report'!$G$4:$G$10000,'Report'!$A$4:$A$10000, ">=" & A5,'Report'!$A$4:$A$10000, "<=" & B5,'Report'!$C$4:$C$10000, "<=" & C5,'Report'!$D$4:$D$10000, "<=" & D5) -> 0 | H5: 200000 | I5: =IF(F5=0, 0, H5/F5) -> 0 | J5: =IF(G5=0, 0, H5/G5) -> 0
A6: 45916 | B6: 45930 | C6: JAEM COLOMBIA SAS | D6: COL/CGR/2025/0000000094 | E6: ISABELITA | F6: =SUMIFS('Report'!$F$4:$F$10000,'Report'!$A$4:$A$10000, ">=" & A6,'Report'!$A$4:$A$10000, "<=" & B6,'Report'!$C$4:$C$10000, "<=" & C6,'Report'!$D$4:$D$10000, "<=" & D6) -> 0 | G6: =SUMIFS('Report'!$G$4:$G$10000,'Report'!$A$4:$A$10000, ">=" & A6,'Report'!$A$4:$A$10000, "<=" & B6,'Report'!$C$4:$C$10000, "<=" & C6,'Report'!$D$4:$D$10000, "<=" & D6) -> 0 | H6: 100000 | I6: =IF(F6=0, 0, H6/F6) -> 0 | J6: =IF(G6=0, 0, H6/G6) -> 0
A7: 45931 | B7: 45945 | C7: JAEM COLOMBIA SAS | D7: COL/CGR/2025/0000000094 | E7: ISABELITA | F7: =SUMIFS('Report'!$F$4:$F$10000,'Report'!$A$4:$A$10000, ">=" & A7,'Report'!$A$4:$A$10000, "<=" & B7,'Report'!$C$4:$C$10000, "<=" & C7,'Report'!$D$4:$D$10000, "<=" & D7) -> 0 | G7: =SUMIFS('Report'!$G$4:$G$10000,'Report'!$A$4:$A$10000, ">=" & A7,'Report'!$A$4:$A$10000, "<=" & B7,'Report'!$C$4:$C$10000, "<=" & C7,'Report'!$D$4:$D$10000, "<=" & D7) -> 0 | H7: 100000 | I7: =IF(F7=0, 0, H7/F7) -> 0 | J7: =IF(G7=0, 0, H7/G7) -> 0
A8: 45946 | B8: 45961 | C8: JAEM COLOMBIA SAS | D8: COL/CGR/2025/0000000094 | E8: ISABELITA | F8: =SUMIFS('Report'!$F$4:$F$10000,'Report'!$A$4:$A$10000, ">=" & A8,'Report'!$A$4:$A$10000, "<=" & B8,'Report'!$C$4:$C$10000, "<=" & C8,'Report'!$D$4:$D$10000, "<=" & D8) -> 0 | G8: =SUMIFS('Report'!$G$4:$G$10000,'Report'!$A$4:$A$10000, ">=" & A8,'Report'!$A$4:$A$10000, "<=" & B8,'Report'!$C$4:$C$10000, "<=" & C8,'Report'!$D$4:$D$10000, "<=" & D8) -> 0 | H8: 100000 | I8: =IF(F8=0, 0, H8/F8) -> 0 | J8: =IF(G8=0, 0, H8/G8) -> 0
A9: 45962 | B9: 45976 | C9: JAEM COLOMBIA SAS | D9: COL/CGR/2025/0000000094 | E9: ISABELITA | F9: =SUMIFS('Report'!$F$4:$F$10000,'Report'!$A$4:$A$10000, ">=" & A9,'Report'!$A$4:$A$10000, "<=" & B9,'Report'!$C$4:$C$10000, "<=" & C9,'Report'!$D$4:$D$10000, "<=" & D9) -> 0 | G9: =SUMIFS('Report'!$G$4:$G$10000,'Report'!$A$4:$A$10000, ">=" & A9,'Report'!$A$4:$A$10000, "<=" & B9,'Report'!$C$4:$C$10000, "<=" & C9,'Report'!$D$4:$D$10000, "<=" & D9) -> 0 | H9: 100000 | I9: =IF(F9=0, 0, H9/F9) -> 0 | J9: =IF(G9=0, 0, H9/G9) -> 0
A10: 45977 | B10: 45991 | C10: JAEM COLOMBIA SAS | D10: COL/CGR/2025/0000000094 | E10: ISABELITA | F10: =SUMIFS('Report'!$F$4:$F$10000,'Report'!$A$4:$A$10000, ">=" & A10,'Report'!$A$4:$A$10000, "<=" & B10,'Report'!$C$4:$C$10000, "<=" & C10,'Report'!$D$4:$D$10000, "<=" & D10) -> 0 | G10: =SUMIFS('Report'!$G$4:$G$10000,'Report'!$A$4:$A$10000, ">=" & A10,'Report'!$A$4:$A$10000, "<=" & B10,'Report'!$C$4:$C$10000, "<=" & C10,'Report'!$D$4:$D$10000, "<=" & D10) -> 0 | H10: 100000 | I10: =IF(F10=0, 0, H10/F10) -> 0 | J10: =IF(G10=0, 0, H10/G10) -> 0
A11: 45992 | B11: 46006 | C11: JAEM COLOMBIA SAS | D11: COL/CGR/2025/0000000094 | E11: ISABELITA | F11: =SUMIFS('Report'!$F$4:$F$10000,'Report'!$A$4:$A$10000, ">=" & A11,'Report'!$A$4:$A$10000, "<=" & B11,'Report'!$C$4:$C$10000, "<=" & C11,'Report'!$D$4:$D$10000, "<=" & D11) -> 0 | G11: =SUMIFS('Report'!$G$4:$G$10000,'Report'!$A$4:$A$10000, ">=" & A11,'Report'!$A$4:$A$10000, "<=" & B11,'Report'!$C$4:$C$10000, "<=" & C11,'Report'!$D$4:$D$10000, "<=" & D11) -> 0 | H11: 100000 | I11: =IF(F11=0, 0, H11/F11) -> 0 | J11: =IF(G11=0, 0, H11/G11) -> 0
A12: 46007 | B12: 46022 | C12: JAEM COLOMBIA SAS | D12: COL/CGR/2025/0000000094 | E12: ISABELITA | F12: =SUMIFS('Report'!$F$4:$F$10000,'Report'!$A$4:$A$10000, ">=" & A12,'Report'!$A$4:$A$10000, "<=" & B12,'Report'!$C$4:$C$10000, "<=" & C12,'Report'!$D$4:$D$10000, "<=" & D12) -> 0 | G12: =SUMIFS('Report'!$G$4:$G$10000,'Report'!$A$4:$A$10000, ">=" & A12,'Report'!$A$4:$A$10000, "<=" & B12,'Report'!$C$4:$C$10000, "<=" & C12,'Report'!$D$4:$D$10000, "<=" & D12) -> 0 | H12: 250000 | I12: =IF(F12=0, 0, H12/F12) -> 0 | J12: =IF(G12=0, 0, H12/G12) -> 0
A13: 46023 | B13: 46037 | C13: JAEM COLOMBIA SAS | D13: COL/CGR/2025/0000000094 | E13: ISABELITA | F13: =SUMIFS('Report'!$F$4:$F$10000,'Report'!$A$4:$A$10000, ">=" & A13,'Report'!$A$4:$A$10000, "<=" & B13,'Report'!$C$4:$C$10000, "<=" & C13,'Report'!$D$4:$D$10000, "<=" & D13) -> 0 | G13: =SUMIFS('Report'!$G$4:$G$10000,'Report'!$A$4:$A$10000, ">=" & A13,'Report'!$A$4:$A$10000, "<=" & B13,'Report'!$C$4:$C$10000, "<=" & C13,'Report'!$D$4:$D$10000, "<=" & D13) -> 0 | H13: 9523265 | I13: =IF(F13=0, 0, H13/F13) -> 0 | J13: =IF(G13=0, 0, H13/G13) -> 0

Sheet Labour Cost
A4: START DATE | B4: END DATE | C4: SUPPLIER NAME | D4: PURCHASE CONTRACT | E4: DESCRIPTION | F4: PIECES | G4: VOLUME (M³) | H4: AMOUNT | I4: VALUE / PIECE | J4: VALUE / VOLUME
A5: 45901 | B5: 45915 | C5: JAEM COLOMBIA SAS | D5: COL/CGR/2025/0000000094 | E5: ISABELITA | F5: =SUMIFS('Report'!$F$4:$F$10000,'Report'!$A$4:$A$10000, ">=" & A5,'Report'!$A$4:$A$10000, "<=" & B5,'Report'!$C$4:$C$10000, "<=" & C5,'Report'!$D$4:$D$10000, "<=" & D5) -> 0 | G5: =SUMIFS('Report'!$G$4:$G$10000,'Report'!$A$4:$A$10000, ">=" & A5,'Report'!$A$4:$A$10000, "<=" & B5,'Report'!$C$4:$C$10000, "<=" & C5,'Report'!$D$4:$D$10000, "<=" & D5) -> 0 | H5: 200000 | I5: =IF(F5=0, 0, H5/F5) -> 0 | J5: =IF(G5=0, 0, H5/G5) -> 0
A6: 45916 | B6: 45930 | C6: JAEM COLOMBIA SAS | D6: COL/CGR/2025/0000000094 | E6: ISABELITA | F6: =SUMIFS('Report'!$F$4:$F$10000,'Report'!$A$4:$A$10000, ">=" & A6,'Report'!$A$4:$A$10000, "<=" & B6,'Report'!$C$4:$C$10000, "<=" & C6,'Report'!$D$4:$D$10000, "<=" & D6) -> 0 | G6: =SUMIFS('Report'!$G$4:$G$10000,'Report'!$A$4:$A$10000, ">=" & A6,'Report'!$A$4:$A$10000, "<=" & B6,'Report'!$C$4:$C$10000, "<=" & C6,'Report'!$D$4:$D$10000, "<=" & D6) -> 0 | H6: 100000 | I6: =IF(F6=0, 0, H6/F6) -> 0 | J6: =IF(G6=0, 0, H6/G6) -> 0
A7: 45931 | B7: 45945 | C7: JAEM COLOMBIA SAS | D7: COL/CGR/2025/0000000094 | E7: ISABELITA | F7: =SUMIFS('Report'!$F$4:$F$10000,'Report'!$A$4:$A$10000, ">=" & A7,'Report'!$A$4:$A$10000, "<=" & B7,'Report'!$C$4:$C$10000, "<=" & C7,'Report'!$D$4:$D$10000, "<=" & D7) -> 0 | G7: =SUMIFS('Report'!$G$4:$G$10000,'Report'!$A$4:$A$10000, ">=" & A7,'Report'!$A$4:$A$10000, "<=" & B7,'Report'!$C$4:$C$10000, "<=" & C7,'Report'!$D$4:$D$10000, "<=" & D7) -> 0 | H7: 100000 | I7: =IF(F7=0, 0, H7/F7) -> 0 | J7: =IF(G7=0, 0, H7/G7) -> 0
A8: 45946 | B8: 45961 | C8: JAEM COLOMBIA SAS | D8: COL/CGR/2025/0000000094 | E8: ISABELITA | F8: =SUMIFS('Report'!$F$4:$F$10000,'Report'!$A$4:$A$10000, ">=" & A8,'Report'!$A$4:$A$10000, "<=" & B8,'Report'!$C$4:$C$10000, "<=" & C8,'Report'!$D$4:$D$10000, "<=" & D8) -> 0 | G8: =SUMIFS('Report'!$G$4:$G$10000,'Report'!$A$4:$A$10000, ">=" & A8,'Report'!$A$4:$A$10000, "<=" & B8,'Report'!$C$4:$C$10000, "<=" & C8,'Report'!$D$4:$D$10000, "<=" & D8) -> 0 | H8: 100000 | I8: =IF(F8=0, 0, H8/F8) -> 0 | J8: =IF(G8=0, 0, H8/G8) -> 0
A9: 45962 | B9: 45976 | C9: JAEM COLOMBIA SAS | D9: COL/CGR/2025/0000000094 | E9: ISABELITA | F9: =SUMIFS('Report'!$F$4:$F$10000,'Report'!$A$4:$A$10000, ">=" & A9,'Report'!$A$4:$A$10000, "<=" & B9,'Report'!$C$4:$C$10000, "<=" & C9,'Report'!$D$4:$D$10000, "<=" & D9) -> 0 | G9: =SUMIFS('Report'!$G$4:$G$10000,'Report'!$A$4:$A$10000, ">=" & A9,'Report'!$A$4:$A$10000, "<=" & B9,'Report'!$C$4:$C$10000, "<=" & C9,'Report'!$D$4:$D$10000, "<=" & D9) -> 0 | H9: 100000 | I9: =IF(F9=0, 0, H9/F9) -> 0 | J9: =IF(G9=0, 0, H9/G9) -> 0
A10: 45977 | B10: 45991 | C10: JAEM COLOMBIA SAS | D10: COL/CGR/2025/0000000094 | E10: ISABELITA | F10: =SUMIFS('Report'!$F$4:$F$10000,'Report'!$A$4:$A$10000, ">=" & A10,'Report'!$A$4:$A$10000, "<=" & B10,'Report'!$C$4:$C$10000, "<=" & C10,'Report'!$D$4:$D$10000, "<=" & D10) -> 0 | G10: =SUMIFS('Report'!$G$4:$G$10000,'Report'!$A$4:$A$10000, ">=" & A10,'Report'!$A$4:$A$10000, "<=" & B10,'Report'!$C$4:$C$10000, "<=" & C10,'Report'!$D$4:$D$10000, "<=" & D10) -> 0 | H10: 100000 | I10: =IF(F10=0, 0, H10/F10) -> 0 | J10: =IF(G10=0, 0, H10/G10) -> 0
A11: 45992 | B11: 46006 | C11: JAEM COLOMBIA SAS | D11: COL/CGR/2025/0000000094 | E11: ISABELITA | F11: =SUMIFS('Report'!$F$4:$F$10000,'Report'!$A$4:$A$10000, ">=" & A11,'Report'!$A$4:$A$10000, "<=" & B11,'Report'!$C$4:$C$10000, "<=" & C11,'Report'!$D$4:$D$10000, "<=" & D11) -> 0 | G11: =SUMIFS('Report'!$G$4:$G$10000,'Report'!$A$4:$A$10000, ">=" & A11,'Report'!$A$4:$A$10000, "<=" & B11,'Report'!$C$4:$C$10000, "<=" & C11,'Report'!$D$4:$D$10000, "<=" & D11) -> 0 | H11: 224505 | I11: =IF(F11=0, 0, H11/F11) -> 0 | J11: =IF(G11=0, 0, H11/G11) -> 0
A12: 46007 | B12: 46022 | C12: JAEM COLOMBIA SAS | D12: COL/CGR/2025/0000000094 | E12: ISABELITA | F12: =SUMIFS('Report'!$F$4:$F$10000,'Report'!$A$4:$A$10000, ">=" & A12,'Report'!$A$4:$A$10000, "<=" & B12,'Report'!$C$4:$C$10000, "<=" & C12,'Report'!$D$4:$D$10000, "<=" & D12) -> 0 | G12: =SUMIFS('Report'!$G$4:$G$10000,'Report'!$A$4:$A$10000, ">=" & A12,'Report'!$A$4:$A$10000, "<=" & B12,'Report'!$C$4:$C$10000, "<=" & C12,'Report'!$D$4:$D$10000, "<=" & D12) -> 0 | H12: 100000 | I12: =IF(F12=0, 0, H12/F12) -> 0 | J12: =IF(G12=0, 0, H12/G12) -> 0
A13: 46023 | B13: 46037 | C13: JAEM COLOMBIA SAS | D13: COL/CGR/2025/0000000094 | E13: ISABELITA | F13: =SUMIFS('Report'!$F$4:$F$10000,'Report'!$A$4:$A$10000, ">=" & A13,'Report'!$A$4:$A$10000, "<=" & B13,'Report'!$C$4:$C$10000, "<=" & C13,'Report'!$D$4:$D$10000, "<=" & D13) -> 0 | G13: =SUMIFS('Report'!$G$4:$G$10000,'Report'!$A$4:$A$10000, ">=" & A13,'Report'!$A$4:$A$10000, "<=" & B13,'Report'!$C$4:$C$10000, "<=" & C13,'Report'!$D$4:$D$10000, "<=" & D13) -> 0 | H13: 23600000 | I13: =IF(F13=0, 0, H13/F13) -> 0 | J13: =IF(G13=0, 0, H13/G13) -> 0

Sheet ACPM Cost
A4: FROM DATE | B4: TO DATE | C4: SUPPLIER NAME | D4: PURCHASE CONTRACT | E4: DESCRIPTION | F4: QUANTITY | G4: PIECES | H4: VOLUME (M³) | I4: TOTAL COST | J4: TOTAL ICAS | K4: VALUE / PIECE | L4: VALUE / VOLUME | M4: VALUE / ICA
A5: 45901 | B5: =IF(A6="", A5, A6-1) -> 0 | C5: JAEM COLOMBIA SAS | D5: COL/CGR/2025/0000000094 | E5: ISABELITA | F5: 100 | G5: =SUMIFS('Report'!$F$4:$F$10000,'Report'!$A$4:$A$10000, ">=" & A5,'Report'!$A$4:$A$10000, "<=" & B5,'Report'!$C$4:$C$10000, "<=" & C5,'Report'!$D$4:$D$10000, "<=" & D5) -> 0 | H5: =SUMIFS('Report'!$G$4:$G$10000,'Report'!$A$4:$A$10000, ">=" & A5,'Report'!$A$4:$A$10000, "<=" & B5,'Report'!$C$4:$C$10000, "<=" & C5,'Report'!$D$4:$D$10000, "<=" & D5) -> 0 | I5: 100000 | J5: =COUNTIFS('Report'!$A$4:$A$10000, ">=" & A5,'Report'!$A$4:$A$10000, "<=" & B5,'Report'!$C$4:$C$10000, "<=" & C5,'Report'!$D$4:$D$10000, "<=" & D5) -> 0 | K5: =IF(G5=0, 0, I5/G5) -> 0 | L5: =IF(G5=0, 0, I5/H5) -> 0 | M5: =IF(G5=0, 0, I5/J5) -> 0
A6: 45906 | B6: =IF(A7="", A6, A7-1) -> 0 | C6: JAEM COLOMBIA SAS | D6: COL/CGR/2025/0000000094 | E6: ISABELITA | F6: 100 | G6: =SUMIFS('Report'!$F$4:$F$10000,'Report'!$A$4:$A$10000, ">=" & A6,'Report'!$A$4:$A$10000, "<=" & B6,'Report'!$C$4:$C$10000, "<=" & C6,'Report'!$D$4:$D$10000, "<=" & D6) -> 0 | H6: =SUMIFS('Report'!$G$4:$G$10000,'Report'!$A$4:$A$10000, ">=" & A6,'Report'!$A$4:$A$10000, "<=" & B6,'Report'!$C$4:$C$10000, "<=" & C6,'Report'!$D$4:$D$10000, "<=" & D6) -> 0 | I6: 100000 | J6: =COUNTIFS('Report'!$A$4:$A$10000, ">=" & A6,'Report'!$A$4:$A$10000, "<=" & B6,'Report'!$C$4:$C$10000, "<=" & C6,'Report'!$D$4:$D$10000, "<=" & D6) -> 0 | K6: =IF(G6=0, 0, I6/G6) -> 0 | L6: =IF(G6=0, 0, I6/H6) -> 0 | M6: =IF(G6=0, 0, I6/J6) -> 0
A7: 45911 | B7: =IF(A8="", A7, A8-1) -> 0 | C7: JAEM COLOMBIA SAS | D7: COL/CGR/2025/0000000094 | E7: ISABELITA | F7: 100 | G7: =SUMIFS('Report'!$F$4:$F$10000,'Report'!$A$4:$A$10000, ">=" & A7,'Report'!$A$4:$A$10000, "<=" & B7,'Report'!$C$4:$C$10000, "<=" & C7,'Report'!$D$4:$D$10000, "<=" & D7) -> 0 | H7: =SUMIFS('Report'!$G$4:$G$10000,'Report'!$A$4:$A$10000, ">=" & A7,'Report'!$A$4:$A$10000, "<=" & B7,'Report'!$C$4:$C$10000, "<=" & C7,'Report'!$D$4:$D$10000, "<=" & D7) -> 0 | I7: 100000 | J7: =COUNTIFS('Report'!$A$4:$A$10000, ">=" & A7,'Report'!$A$4:$A$10000, "<=" & B7,'Report'!$C$4:$C$10000, "<=" & C7,'Report'!$D$4:$D$10000, "<=" & D7) -> 0 | K7: =IF(G7=0, 0, I7/G7) -> 0 | L7: =IF(G7=0, 0, I7/H7) -> 0 | M7: =IF(G7=0, 0, I7/J7) -> 0
A8: 45916 | B8: =IF(A9="", A8, A9-1) -> 0 | C8: JAEM COLOMBIA SAS | D8: COL/CGR/2025/0000000094 | E8: ISABELITA | F8: 100 | G8: =SUMIFS('Report'!$F$4:$F$10000,'Report'!$A$4:$A$10000, ">=" & A8,'Report'!$A$4:$A$10000, "<=" & B8,'Report'!$C$4:$C$10000, "<=" & C8,'Report'!$D$4:$D$10000, "<=" & D8) -> 0 | H8: =SUMIFS('Report'!$G$4:$G$10000,'Report'!$A$4:$A$10000, ">=" & A8,'Report'!$A$4:$A$10000, "<=" & B8,'Report'!$C$4:$C$10000, "<=" & C8,'Report'!$D$4:$D$10000, "<=" & D8) -> 0 | I8: 100000 | J8: =COUNTIFS('Report'!$A$4:$A$10000, ">=" & A8,'Report'!$A$4:$A$10000, "<=" & B8,'Report'!$C$4:$C$10000, "<=" & C8,'Report'!$D$4:$D$10000, "<=" & D8) -> 0 | K8: =IF(G8=0, 0, I8/G8) -> 0 | L8: =IF(G8=0, 0, I8/H8) -> 0 | M8: =IF(G8=0, 0, I8/J8) -> 0
A9: 45921 | B9: =IF(A10="", A9, A10-1) -> 0 | C9: JAEM COLOMBIA SAS | D9: COL/CGR/2025/0000000094 | E9: ISABELITA | F9: 100 | G9: =SUMIFS('Report'!$F$4:$F$10000,'Report'!$A$4:$A$10000, ">=" & A9,'Report'!$A$4:$A$10000, "<=" & B9,'Report'!$C$4:$C$10000, "<=" & C9,'Report'!$D$4:$D$10000, "<=" & D9) -> 0 | H9: =SUMIFS('Report'!$G$4:$G$10000,'Report'!$A$4:$A$10000, ">=" & A9,'Report'!$A$4:$A$10000, "<=" & B9,'Report'!$C$4:$C$10000, "<=" & C9,'Report'!$D$4:$D$10000, "<=" & D9) -> 0 | I9: 100000 | J9: =COUNTIFS('Report'!$A$4:$A$10000, ">=" & A9,'Report'!$A$4:$A$10000, "<=" & B9,'Report'!$C$4:$C$10000, "<=" & C9,'Report'!$D$4:$D$10000, "<=" & D9) -> 0 | K9: =IF(G9=0, 0, I9/G9) -> 0 | L9: =IF(G9=0, 0, I9/H9) -> 0 | M9: =IF(G9=0, 0, I9/J9) -> 0
A10: 45926 | B10: =IF(A11="", A10, A11-1) -> 0 | C10: JAEM COLOMBIA SAS | D10: COL/CGR/2025/0000000094 | E10: ISABELITA | F10: 100 | G10: =SUMIFS('Report'!$F$4:$F$10000,'Report'!$A$4:$A$10000, ">=" & A10,'Report'!$A$4:$A$10000, "<=" & B10,'Report'!$C$4:$C$10000, "<=" & C10,'Report'!$D$4:$D$10000, "<=" & D10) -> 0 | H10: =SUMIFS('Report'!$G$4:$G$10000,'Report'!$A$4:$A$10000, ">=" & A10,'Report'!$A$4:$A$10000, "<=" & B10,'Report'!$C$4:$C$10000, "<=" & C10,'Report'!$D$4:$D$10000, "<=" & D10) -> 0 | I10: 100000 | J10: =COUNTIFS('Report'!$A$4:$A$10000, ">=" & A10,'Report'!$A$4:$A$10000, "<=" & B10,'Report'!$C$4:$C$10000, "<=" & C10,'Report'!$D$4:$D$10000, "<=" & D10) -> 0 | K10: =IF(G10=0, 0, I10/G10) -> 0 | L10: =IF(G10=0, 0, I10/H10) -> 0 | M10: =IF(G10=0, 0, I10/J10) -> 0
A11: 45931 | B11: =IF(A12="", A11, A12-1) -> 0 | C11: JAEM COLOMBIA SAS | D11: COL/CGR/2025/0000000094 | E11: ISABELITA | F11: 100 | G11: =SUMIFS('Report'!$F$4:$F$10000,'Report'!$A$4:$A$10000, ">=" & A11,'Report'!$A$4:$A$10000, "<=" & B11,'Report'!$C$4:$C$10000, "<=" & C11,'Report'!$D$4:$D$10000, "<=" & D11) -> 0 | H11: =SUMIFS('Report'!$G$4:$G$10000,'Report'!$A$4:$A$10000, ">=" & A11,'Report'!$A$4:$A$10000, "<=" & B11,'Report'!$C$4:$C$10000, "<=" & C11,'Report'!$D$4:$D$10000, "<=" & D11) -> 0 | I11: 100000 | J11: =COUNTIFS('Report'!$A$4:$A$10000, ">=" & A11,'Report'!$A$4:$A$10000, "<=" & B11,'Report'!$C$4:$C$10000, "<=" & C11,'Report'!$D$4:$D$10000, "<=" & D11) -> 0 | K11: =IF(G11=0, 0, I11/G11) -> 0 | L11: =IF(G11=0, 0, I11/H11) -> 0 | M11: =IF(G11=0, 0, I11/J11) -> 0
A12: 45936 | B12: =IF(A13="", A12, A13-1) -> 0 | C12: JAEM COLOMBIA SAS | D12: COL/CGR/2025/0000000094 | E12: ISABELITA | F12: 100 | G12: =SUMIFS('Report'!$F$4:$F$10000,'Report'!$A$4:$A$10000, ">=" & A12,'Report'!$A$4:$A$10000, "<=" & B12,'Report'!$C$4:$C$10000, "<=" & C12,'Report'!$D$4:$D$10000, "<=" & D12) -> 0 | H12: =SUMIFS('Report'!$G$4:$G$10000,'Report'!$A$4:$A$10000, ">=" & A12,'Report'!$A$4:$A$10000, "<=" & B12,'Report'!$C$4:$C$10000, "<=" & C12,'Report'!$D$4:$D$10000, "<=" & D12) -> 0 | I12: 100000 | J12: =COUNTIFS('Report'!$A$4:$A$10000, ">=" & A12,'Report'!$A$4:$A$10000, "<=" & B12,'Report'!$C$4:$C$10000, "<=" & C12,'Report'!$D$4:$D$10000, "<=" & D12) -> 0 | K12: =IF(G12=0, 0, I12/G12) -> 0 | L12: =IF(G12=0, 0, I12/H12) -> 0 | M12: =IF(G12=0, 0, I12/J12) -> 0
A13: 45941 | B13: =IF(A14="", A13, A14-1) -> 0 | C13: JAEM COLOMBIA SAS | D13: COL/CGR/2025/0000000094 | E13: ISABELITA | F13: 100 | G13: =SUMIFS('Report'!$F$4:$F$10000,'Report'!$A$4:$A$10000, ">=" & A13,'Report'!$A$4:$A$10000, "<=" & B13,'Report'!$C$4:$C$10000, "<=" & C13,'Report'!$D$4:$D$10000, "<=" & D13) -> 0 | H13: =SUMIFS('Report'!$G$4:$G$10000,'Report'!$A$4:$A$10000, ">=" & A13,'Report'!$A$4:$A$10000, "<=" & B13,'Report'!$C$4:$C$10000, "<=" & C13,'Report'!$D$4:$D$10000, "<=" & D13) -> 0 | I13: 100000 | J13: =COUNTIFS('Report'!$A$4:$A$10000, ">=" & A13,'Report'!$A$4:$A$10000, "<=" & B13,'Report'!$C$4:$C$10000, "<=" & C13,'Report'!$D$4:$D$10000, "<=" & D13) -> 0 | K13: =IF(G13=0, 0, I13/G13) -> 0 | L13: =IF(G13=0, 0, I13/H13) -> 0 | M13: =IF(G13=0, 0, I13/J13) -> 0
A14: 45946 | B14: =IF(A15="", A14, A15-1) -> 0 | C14: JAEM COLOMBIA SAS | D14: COL/CGR/2025/0000000094 | E14: ISABELITA | F14: 100 | G14: =SUMIFS('Report'!$F$4:$F$10000,'Report'!$A$4:$A$10000, ">=" & A14,'Report'!$A$4:$A$10000, "<=" & B14,'Report'!$C$4:$C$10000, "<=" & C14,'Report'!$D$4:$D$10000, "<=" & D14) -> 0 | H14: =SUMIFS('Report'!$G$4:$G$10000,'Report'!$A$4:$A$10000, ">=" & A14,'Report'!$A$4:$A$10000, "<=" & B14,'Report'!$C$4:$C$10000, "<=" & C14,'Report'!$D$4:$D$10000, "<=" & D14) -> 0 | I14: 100000 | J14: =COUNTIFS('Report'!$A$4:$A$10000, ">=" & A14,'Report'!$A$4:$A$10000, "<=" & B14,'Report'!$C$4:$C$10000, "<=" & C14,'Report'!$D$4:$D$10000, "<=" & D14) -> 0 | K14: =IF(G14=0, 0, I14/G14) -> 0 | L14: =IF(G14=0, 0, I14/H14) -> 0 | M14: =IF(G14=0, 0, I14/J14) -> 0
A15: 45951 | B15: =IF(A16="", A15, A16-1) -> 0 | C15: JAEM COLOMBIA SAS | D15: COL/CGR/2025/0000000094 | E15: ISABELITA | F15: 100 | G15: =SUMIFS('Report'!$F$4:$F$10000,'Report'!$A$4:$A$10000, ">=" & A15,'Report'!$A$4:$A$10000, "<=" & B15,'Report'!$C$4:$C$10000, "<=" & C15,'Report'!$D$4:$D$10000, "<=" & D15) -> 0 | H15: =SUMIFS('Report'!$G$4:$G$10000,'Report'!$A$4:$A$10000, ">=" & A15,'Report'!$A$4:$A$10000, "<=" & B15,'Report'!$C$4:$C$10000, "<=" & C15,'Report'!$D$4:$D$10000, "<=" & D15) -> 0 | I15: 100000 | J15: =COUNTIFS('Report'!$A$4:$A$10000, ">=" & A15,'Report'!$A$4:$A$10000, "<=" & B15,'Report'!$C$4:$C$10000, "<=" & C15,'Report'!$D$4:$D$10000, "<=" & D15) -> 0 | K15: =IF(G15=0, 0, I15/G15) -> 0 | L15: =IF(G15=0, 0, I15/H15) -> 0 | M15: =IF(G15=0, 0, I15/J15) -> 0
A16: 45956 | B16: =IF(A17="", A16, A17-1) -> 0 | C16: JAEM COLOMBIA SAS | D16: COL/CGR/2025/0000000094 | E16: ISABELITA | F16: 100 | G16: =SUMIFS('Report'!$F$4:$F$10000,'Report'!$A$4:$A$10000, ">=" & A16,'Report'!$A$4:$A$10000, "<=" & B16,'Report'!$C$4:$C$10000, "<=" & C16,'Report'!$D$4:$D$10000, "<=" & D16) -> 0 | H16: =SUMIFS('Report'!$G$4:$G$10000,'Report'!$A$4:$A$10000, ">=" & A16,'Report'!$A$4:$A$10000, "<=" & B16,'Report'!$C$4:$C$10000, "<=" & C16,'Report'!$D$4:$D$10000, "<=" & D16) -> 0 | I16: 100000 | J16: =COUNTIFS('Report'!$A$4:$A$10000, ">=" & A16,'Report'!$A$4:$A$10000, "<=" & B16,'Report'!$C$4:$C$10000, "<=" & C16,'Report'!$D$4:$D$10000, "<=" & D16) -> 0 | K16: =IF(G16=0, 0, I16/G16) -> 0 | L16: =IF(G16=0, 0, I16/H16) -> 0 | M16: =IF(G16=0, 0, I16/J16) -> 0
... A30: 46026 | B30: =IF(A31="", A30, A31-1) -> 0 | C30: JAEM COLOMBIA SAS | D30: COL/CGR/2025/0000000094 | E30: ISABELITA | F30: 102 | G30: =SUMIFS('Report'!$F$4:$F$10000,'Report'!$A$4:$A$10000, ">=" & A30,'Report'!$A$4:$A$10000, "<=" & B30,'Report'!$C$4:$C$10000, "<=" & C30,'Report'!$D$4:$D$10000, "<=" & D30) -> 0 | H30: =SUMIFS('Report'!$G$4:$G$10000,'Report'!$A$4:$A$10000, ">=" & A30,'Report'!$A$4:$A$10000, "<=" & B30,'Report'!$C$4:$C$10000, "<=" & C30,'Report'!$D$4:$D$10000, "<=" & D30) -> 0 | I30: 100020 | J30: =COUNTIFS('Report'!$A$4:$A$10000, ">=" & A30,'Report'!$A$4:$A$10000, "<=" & B30,'Report'!$C$4:$C$10000, "<=" & C30,'Report'!$D$4:$D$10000, "<=" & D30) -> 0 | K30: =IF(G30=0, 0, I30/G30) -> 0 | L30: =IF(G30=0, 0, I30/H30) -> 0 | M30: =IF(G30=0, 0, I30/J30) -> 0

Sheet Lubricants Cost
A4: FROM DATE | B4: TO DATE | C4: SUPPLIER NAME | D4: PURCHASE CONTRACT | E4: DESCRIPTION | F4: QUANTITY | G4: PIECES | H4: VOLUME (M³) | I4: AMOUNT | J4: TOTAL ICAS | K4: VALUE / PIECE | L4: VALUE / VOLUME | M4: VALUE / ICA
A5: 45911 | B5: =IF(A6="", A5, A6-1) -> 0 | C5: JAEM COLOMBIA SAS | D5: COL/CGR/2025/0000000094 | E5: ISABELITA | F5: 1 | G5: =SUMIFS('Report'!$F$4:$F$10000,'Report'!$A$4:$A$10000, ">=" & A5,'Report'!$A$4:$A$10000, "<=" & B5,'Report'!$C$4:$C$10000, "<=" & C5,'Report'!$D$4:$D$10000, "<=" & D5) -> 0 | H5: =SUMIFS('Report'!$G$4:$G$10000,'Report'!$A$4:$A$10000, ">=" & A5,'Report'!$A$4:$A$10000, "<=" & B5,'Report'!$C$4:$C$10000, "<=" & C5,'Report'!$D$4:$D$10000, "<=" & D5) -> 0 | I5: 100000 | J5: =COUNTIFS('Report'!$A$4:$A$10000, ">=" & A5,'Report'!$A$4:$A$10000, "<=" & B5,'Report'!$C$4:$C$10000, "<=" & C5,'Report'!$D$4:$D$10000, "<=" & D5) -> 0 | K5: =IF(G5=0, 0, I5/G5) -> 0 | L5: =IF(G5=0, 0, I5/H5) -> 0 | M5: =IF(G5=0, 0, I5/J5) -> 0
A6: 45916 | B6: =IF(A7="", A6, A7-1) -> 0 | C6: JAEM COLOMBIA SAS | D6: COL/CGR/2025/0000000094 | E6: ISABELITA | F6: 1 | G6: =SUMIFS('Report'!$F$4:$F$10000,'Report'!$A$4:$A$10000, ">=" & A6,'Report'!$A$4:$A$10000, "<=" & B6,'Report'!$C$4:$C$10000, "<=" & C6,'Report'!$D$4:$D$10000, "<=" & D6) -> 0 | H6: =SUMIFS('Report'!$G$4:$G$10000,'Report'!$A$4:$A$10000, ">=" & A6,'Report'!$A$4:$A$10000, "<=" & B6,'Report'!$C$4:$C$10000, "<=" & C6,'Report'!$D$4:$D$10000, "<=" & D6) -> 0 | I6: 100000 | J6: =COUNTIFS('Report'!$A$4:$A$10000, ">=" & A6,'Report'!$A$4:$A$10000, "<=" & B6,'Report'!$C$4:$C$10000, "<=" & C6,'Report'!$D$4:$D$10000, "<=" & D6) -> 0 | K6: =IF(G6=0, 0, I6/G6) -> 0 | L6: =IF(G6=0, 0, I6/H6) -> 0 | M6: =IF(G6=0, 0, I6/J6) -> 0
A7: 45921 | B7: =IF(A8="", A7, A8-1) -> 0 | C7: JAEM COLOMBIA SAS | D7: COL/CGR/2025/0000000094 | E7: ISABELITA | F7: 1 | G7: =SUMIFS('Report'!$F$4:$F$10000,'Report'!$A$4:$A$10000, ">=" & A7,'Report'!$A$4:$A$10000, "<=" & B7,'Report'!$C$4:$C$10000, "<=" & C7,'Report'!$D$4:$D$10000, "<=" & D7) -> 0 | H7: =SUMIFS('Report'!$G$4:$G$10000,'Report'!$A$4:$A$10000, ">=" & A7,'Report'!$A$4:$A$10000, "<=" & B7,'Report'!$C$4:$C$10000, "<=" & C7,'Report'!$D$4:$D$10000, "<=" & D7) -> 0 | I7: 100000 | J7: =COUNTIFS('Report'!$A$4:$A$10000, ">=" & A7,'Report'!$A$4:$A$10000, "<=" & B7,'Report'!$C$4:$C$10000, "<=" & C7,'Report'!$D$4:$D$10000, "<=" & D7) -> 0 | K7: =IF(G7=0, 0, I7/G7) -> 0 | L7: =IF(G7=0, 0, I7/H7) -> 0 | M7: =IF(G7=0, 0, I7/J7) -> 0
A8: 45926 | B8: =IF(A9="", A8, A9-1) -> 0 | C8: JAEM COLOMBIA SAS | D8: COL/CGR/2025/0000000094 | E8: ISABELITA | F8: 1 | G8: =SUMIFS('Report'!$F$4:$F$10000,'Report'!$A$4:$A$10000, ">=" & A8,'Report'!$A$4:$A$10000, "<=" & B8,'Report'!$C$4:$C$10000, "<=" & C8,'Report'!$D$4:$D$10000, "<=" & D8) -> 0 | H8: =SUMIFS('Report'!$G$4:$G$10000,'Report'!$A$4:$A$10000, ">=" & A8,'Report'!$A$4:$A$10000, "<=" & B8,'Report'!$C$4:$C$10000, "<=" & C8,'Report'!$D$4:$D$10000, "<=" & D8) -> 0 | I8: 100000 | J8: =COUNTIFS('Report'!$A$4:$A$10000, ">=" & A8,'Report'!$A$4:$A$10000, "<=" & B8,'Report'!$C$4:$C$10000, "<=" & C8,'Report'!$D$4:$D$10000, "<=" & D8) -> 0 | K8: =IF(G8=0, 0, I8/G8) -> 0 | L8: =IF(G8=0, 0, I8/H8) -> 0 | M8: =IF(G8=0, 0, I8/J8) -> 0
A9: 45931 | B9: =IF(A10="", A9, A10-1) -> 0 | C9: JAEM COLOMBIA SAS | D9: COL/CGR/2025/0000000094 | E9: ISABELITA | F9: 1 | G9: =SUMIFS('Report'!$F$4:$F$10000,'Report'!$A$4:$A$10000, ">=" & A9,'Report'!$A$4:$A$10000, "<=" & B9,'Report'!$C$4:$C$10000, "<=" & C9,'Report'!$D$4:$D$10000, "<=" & D9) -> 0 | H9: =SUMIFS('Report'!$G$4:$G$10000,'Report'!$A$4:$A$10000, ">=" & A9,'Report'!$A$4:$A$10000, "<=" & B9,'Report'!$C$4:$C$10000, "<=" & C9,'Report'!$D$4:$D$10000, "<=" & D9) -> 0 | I9: 100000 | J9: =COUNTIFS('Report'!$A$4:$A$10000, ">=" & A9,'Report'!$A$4:$A$10000, "<=" & B9,'Report'!$C$4:$C$10000, "<=" & C9,'Report'!$D$4:$D$10000, "<=" & D9) -> 0 | K9: =IF(G9=0, 0, I9/G9) -> 0 | L9: =IF(G9=0, 0, I9/H9) -> 0 | M9: =IF(G9=0, 0, I9/J9) -> 0
A10: 45936 | B10: =IF(A11="", A10, A11-1) -> 0 | C10: JAEM COLOMBIA SAS | D10: COL/CGR/2025/0000000094 | E10: ISABELITA | F10: 1 | G10: =SUMIFS('Report'!$F$4:$F$10000,'Report'!$A$4:$A$10000, ">=" & A10,'Report'!$A$4:$A$10000, "<=" & B10,'Report'!$C$4:$C$10000, "<=" & C10,'Report'!$D$4:$D$10000, "<=" & D10) -> 0 | H10: =SUMIFS('Report'!$G$4:$G$10000,'Report'!$A$4:$A$10000, ">=" & A10,'Report'!$A$4:$A$10000, "<=" & B10,'Report'!$C$4:$C$10000, "<=" & C10,'Report'!$D$4:$D$10000, "<=" & D10) -> 0 | I10: 100000 | J10: =COUNTIFS('Report'!$A$4:$A$10000, ">=" & A10,'Report'!$A$4:$A$10000, "<=" & B10,'Report'!$C$4:$C$10000, "<=" & C10,'Report'!$D$4:$D$10000, "<=" & D10) -> 0 | K10: =IF(G10=0, 0, I10/G10) -> 0 | L10: =IF(G10=0, 0, I10/H10) -> 0 | M10: =IF(G10=0, 0, I10/J10) -> 0
A11: 45941 | B11: =IF(A12="", A11, A12-1) -> 0 | C11: JAEM COLOMBIA SAS | D11: COL/CGR/2025/0000000094 | E11: ISABELITA | F11: 1 | G11: =SUMIFS('Report'!$F$4:$F$10000,'Report'!$A$4:$A$10000, ">=" & A11,'Report'!$A$4:$A$10000, "<=" & B11,'Report'!$C$4:$C$10000, "<=" & C11,'Report'!$D$4:$D$10000, "<=" & D11) -> 0 | H11: =SUMIFS('Report'!$G$4:$G$10000,'Report'!$A$4:$A$10000, ">=" & A11,'Report'!$A$4:$A$10000, "<=" & B11,'Report'!$C$4:$C$10000, "<=" & C11,'Report'!$D$4:$D$10000, "<=" & D11) -> 0 | I11: 100000 | J11: =COUNTIFS('Report'!$A$4:$A$10000, ">=" & A11,'Report'!$A$4:$A$10000, "<=" & B11,'Report'!$C$4:$C$10000, "<=" & C11,'Report'!$D$4:$D$10000, "<=" & D11) -> 0 | K11: =IF(G11=0, 0, I11/G11) -> 0 | L11: =IF(G11=0, 0, I11/H11) -> 0 | M11: =IF(G11=0, 0, I11/J11) -> 0
A12: 45946 | B12: =IF(A13="", A12, A13-1) -> 0 | C12: JAEM COLOMBIA SAS | D12: COL/CGR/2025/0000000094 | E12: ISABELITA | F12: 1 | G12: =SUMIFS('Report'!$F$4:$F$10000,'Report'!$A$4:$A$10000, ">=" & A12,'Report'!$A$4:$A$10000, "<=" & B12,'Report'!$C$4:$C$10000, "<=" & C12,'Report'!$D$4:$D$10000, "<=" & D12) -> 0 | H12: =SUMIFS('Report'!$G$4:$G$10000,'Report'!$A$4:$A$10000, ">=" & A12,'Report'!$A$4:$A$10000, "<=" & B12,'Report'!$C$4:$C$10000, "<=" & C12,'Report'!$D$4:$D$10000, "<=" & D12) -> 0 | I12: 100000 | J12: =COUNTIFS('Report'!$A$4:$A$10000, ">=" & A12,'Report'!$A$4:$A$10000, "<=" & B12,'Report'!$C$4:$C$10000, "<=" & C12,'Report'!$D$4:$D$10000, "<=" & D12) -> 0 | K12: =IF(G12=0, 0, I12/G12) -> 0 | L12: =IF(G12=0, 0, I12/H12) -> 0 | M12: =IF(G12=0, 0, I12/J12) -> 0
A13: 45951 | B13: =IF(A14="", A13, A14-1) -> 0 | C13: JAEM COLOMBIA SAS | D13: COL/CGR/2025/0000000094 | E13: ISABELITA | F13: 1 | G13: =SUMIFS('Report'!$F$4:$F$10000,'Report'!$A$4:$A$10000, ">=" & A13,'Report'!$A$4:$A$10000, "<=" & B13,'Report'!$C$4:$C$10000, "<=" & C13,'Report'!$D$4:$D$10000, "<=" & D13) -> 0 | H13: =SUMIFS('Report'!$G$4:$G$10000,'Report'!$A$4:$A$10000, ">=" & A13,'Report'!$A$4:$A$10000, "<=" & B13,'Report'!$C$4:$C$10000, "<=" & C13,'Report'!$D$4:$D$10000, "<=" & D13) -> 0 | I13: 100000 | J13: =COUNTIFS('Report'!$A$4:$A$10000, ">=" & A13,'Report'!$A$4:$A$10000, "<=" & B13,'Report'!$C$4:$C$10000, "<=" & C13,'Report'!$D$4:$D$10000, "<=" & D13) -> 0 | K13: =IF(G13=0, 0, I13/G13) -> 0 | L13: =IF(G13=0, 0, I13/H13) -> 0 | M13: =IF(G13=0, 0, I13/J13) -> 0
A14: 45956 | B14: =IF(A15="", A14, A15-1) -> 0 | C14: JAEM COLOMBIA SAS | D14: COL/CGR/2025/0000000094 | E14: ISABELITA | F14: 1 | G14: =SUMIFS('Report'!$F$4:$F$10000,'Report'!$A$4:$A$10000, ">=" & A14,'Report'!$A$4:$A$10000, "<=" & B14,'Report'!$C$4:$C$10000, "<=" & C14,'Report'!$D$4:$D$10000, "<=" & D14) -> 0 | H14: =SUMIFS('Report'!$G$4:$G$10000,'Report'!$A$4:$A$10000, ">=" & A14,'Report'!$A$4:$A$10000, "<=" & B14,'Report'!$C$4:$C$10000, "<=" & C14,'Report'!$D$4:$D$10000, "<=" & D14) -> 0 | I14: 100000 | J14: =COUNTIFS('Report'!$A$4:$A$10000, ">=" & A14,'Report'!$A$4:$A$10000, "<=" & B14,'Report'!$C$4:$C$10000, "<=" & C14,'Report'!$D$4:$D$10000, "<=" & D14) -> 0 | K14: =IF(G14=0, 0, I14/G14) -> 0 | L14: =IF(G14=0, 0, I14/H14) -> 0 | M14: =IF(G14=0, 0, I14/J14) -> 0
A15: 45961 | B15: =IF(A16="", A15, A16-1) -> 0 | C15: JAEM COLOMBIA SAS | D15: COL/CGR/2025/0000000094 | E15: ISABELITA | F15: 1 | G15: =SUMIFS('Report'!$F$4:$F$10000,'Report'!$A$4:$A$10000, ">=" & A15,'Report'!$A$4:$A$10000, "<=" & B15,'Report'!$C$4:$C$10000, "<=" & C15,'Report'!$D$4:$D$10000, "<=" & D15) -> 0 | H15: =SUMIFS('Report'!$G$4:$G$10000,'Report'!$A$4:$A$10000, ">=" & A15,'Report'!$A$4:$A$10000, "<=" & B15,'Report'!$C$4:$C$10000, "<=" & C15,'Report'!$D$4:$D$10000, "<=" & D15) -> 0 | I15: 100000 | J15: =COUNTIFS('Report'!$A$4:$A$10000, ">=" & A15,'Report'!$A$4:$A$10000, "<=" & B15,'Report'!$C$4:$C$10000, "<=" & C15,'Report'!$D$4:$D$10000, "<=" & D15) -> 0 | K15: =IF(G15=0, 0, I15/G15) -> 0 | L15: =IF(G15=0, 0, I15/H15) -> 0 | M15: =IF(G15=0, 0, I15/J15) -> 0
A16: 45966 | B16: =IF(A17="", A16, A17-1) -> 0 | C16: JAEM COLOMBIA SAS | D16: COL/CGR/2025/0000000094 | E16: ISABELITA | F16: 1 | G16: =SUMIFS('Report'!$F$4:$F$10000,'Report'!$A$4:$A$10000, ">=" & A16,'Report'!$A$4:$A$10000, "<=" & B16,'Report'!$C$4:$C$10000, "<=" & C16,'Report'!$D$4:$D$10000, "<=" & D16) -> 0 | H16: =SUMIFS('Report'!$G$4:$G$10000,'Report'!$A$4:$A$10000, ">=" & A16,'Report'!$A$4:$A$10000, "<=" & B16,'Report'!$C$4:$C$10000, "<=" & C16,'Report'!$D$4:$D$10000, "<=" & D16) -> 0 | I16: 100000 | J16: =COUNTIFS('Report'!$A$4:$A$10000, ">=" & A16,'Report'!$A$4:$A$10000, "<=" & B16,'Report'!$C$4:$C$10000, "<=" & C16,'Report'!$D$4:$D$10000, "<=" & D16) -> 0 | K16: =IF(G16=0, 0, I16/G16) -> 0 | L16: =IF(G16=0, 0, I16/H16) -> 0 | M16: =IF(G16=0, 0, I16/J16) -> 0
... A28: 46021 | B28: =IF(A29="", A28, A29-1) -> 0 | C28: JAEM COLOMBIA SAS | D28: COL/CGR/2025/0000000094 | E28: ISABELITA | F28: 1 | G28: =SUMIFS('Report'!$F$4:$F$10000,'Report'!$A$4:$A$10000, ">=" & A28,'Report'!$A$4:$A$10000, "<=" & B28,'Report'!$C$4:$C$10000, "<=" & C28,'Report'!$D$4:$D$10000, "<=" & D28) -> 0 | H28: =SUMIFS('Report'!$G$4:$G$10000,'Report'!$A$4:$A$10000, ">=" & A28,'Report'!$A$4:$A$10000, "<=" & B28,'Report'!$C$4:$C$10000, "<=" & C28,'Report'!$D$4:$D$10000, "<=" & D28) -> 0 | I28: 10000 | J28: =COUNTIFS('Report'!$A$4:$A$10000, ">=" & A28,'Report'!$A$4:$A$10000, "<=" & B28,'Report'!$C$4:$C$10000, "<=" & C28,'Report'!$D$4:$D$10000, "<=" & D28) -> 0 | K28: =IF(G28=0, 0, I28/G28) -> 0 | L28: =IF(G28=0, 0, I28/H28) -> 0 | M28: =IF(G28=0, 0, I28/J28) -> 0

Sheet Miscellaneous
A4: FROM DATE | B4: TO DATE | C4: SUPPLIER NAME | D4: PURCHASE CONTRACT | E4: DESCRIPTION | F4: QUANTITY | G4: PIECES | H4: VOLUME (M³) | I4: AMOUNT | J4: TOTAL ICAS | K4: VALUE / PIECE | L4: VALUE / VOLUME | M4: VALUE / ICA
A5: 46029 | B5: =IF(A6="", A5, A6-1) -> 0 | C5: JAEM COLOMBIA SAS | D5: COL/CGR/2025/0000000094 | E5: ISABELITA | F5: 0 | G5: =SUMIFS('Report'!$F$4:$F$10000,'Report'!$A$4:$A$10000, ">=" & A5,'Report'!$A$4:$A$10000, "<=" & B5,'Report'!$C$4:$C$10000, "<=" & C5,'Report'!$D$4:$D$10000, "<=" & D5) -> 0 | H5: =SUMIFS('Report'!$G$4:$G$10000,'Report'!$A$4:$A$10000, ">=" & A5,'Report'!$A$4:$A$10000, "<=" & B5,'Report'!$C$4:$C$10000, "<=" & C5,'Report'!$D$4:$D$10000, "<=" & D5) -> 0 | I5: 12301 | J5: =COUNTIFS('Report'!$A$4:$A$10000, ">=" & A5,'Report'!$A$4:$A$10000, "<=" & B5,'Report'!$C$4:$C$10000, "<=" & C5,'Report'!$D$4:$D$10000, "<=" & D5) -> 0 | K5: =IF(G5=0, 0, I5/G5) -> 0 | L5: =IF(G5=0, 0, I5/H5) -> 0 | M5: =IF(G5=0, 0, I5/J5) -> 0

Sheet Inventory
B3: EXTRACTED | C3: LOADED | D3: REMAINING
A4: TOTAL PIECES | B4: ='Extraction Cost'!$G$3 -> 0 | C4: ='Report'!$F$3 -> 0 | D4: =B4-C4 -> 0
A5: TOTAL VOLUME (M³) | B5: ='Extraction Cost'!$H$3 -> 0 | C5: ='Report'!$G$3 -> 0 | D5: =B5-C5 -> 0
A6: VALUE OF WOOD | B6: ='Report'!$I$3 -> 0
